CUSTOMER_RK;report_dttm;BKI_CONS_FLG;INDUSTRY_NM;LAST_JOB_EXP_VAL;DEPENDENT_CNT;REL_STATUS;REAL_ESTATE_FLG;EDUCATION_NM;VIP_FLG;CUSTOMER_AGE;GENDER
687;2022-03-23 18:49:11.190 +0300;N;Медицина;4;1;Холост;N;Среднее;Y;23;M
688;2022-03-23 18:49:11.190 +0300;Y;Добыча ископаемых;1;4;В разводе;N;Высшее;N;30;F
689;2022-03-23 18:49:11.190 +0300;N;Металлургия;5;2;В разводе;Y;Высшее;Y;28;F
690;2022-03-23 18:49:11.190 +0300;N;Машиностроение;2;0;В разводе;Y;Высшее;N;21;F
691;2022-03-23 18:49:11.190 +0300;N;IT;3;2;Состоит в браке;Y;Высшее;Y;22;F
692;2022-03-23 18:49:11.190 +0300;N;Металлургия;1;1;Состоит в браке;Y;Среднее;N;33;F
693;2022-03-23 18:49:11.190 +0300;Y;Банки;2;0;Холост;Y;Высшее;Y;63;M
694;2022-03-23 18:49:11.190 +0300;N;Металлургия;2;0;В разводе;N;Среднее профессиональное;N;45;M
695;2022-03-23 18:49:11.190 +0300;N;Машиностроение;2;0;Холост;N;Среднее;Y;51;M
696;2022-03-23 18:49:11.190 +0300;N;Медицина;4;4;Холост;N;Начальное;Y;22;F
697;2022-03-23 18:49:11.190 +0300;Y;IT;2;3;Состоит в браке;N;Среднее;N;52;F
698;2022-03-23 18:49:11.190 +0300;N;Телеком;3;3;В разводе;Y;Среднее профессиональное;Y;21;F
699;2022-03-23 18:49:11.190 +0300;N;Добыча ископаемых;4;4;Состоит в браке;Y;Среднее профессиональное;Y;59;M
700;2022-03-23 18:49:11.190 +0300;Y;Добыча ископаемых;3;0;Холост;N;Среднее профессиональное;Y;57;M
701;2022-03-23 18:49:11.190 +0300;Y;Медицина;2;4;Состоит в браке;Y;Среднее;Y;18;M
702;2022-03-23 18:49:11.190 +0300;N;IT;2;2;Холост;N;Высшее;N;52;M
703;2022-03-23 18:49:11.190 +0300;Y;Банки;1;1;В разводе;N;Высшее;N;39;M
704;2022-03-23 18:49:11.190 +0300;N;Телеком;5;0;Состоит в браке;Y;Среднее профессиональное;N;32;M
705;2022-03-23 18:49:11.190 +0300;Y;Телеком;5;0;В разводе;Y;Среднее;N;37;F
706;2022-03-23 18:49:11.190 +0300;Y;Добыча ископаемых;3;3;Холост;Y;Среднее профессиональное;Y;43;M
707;2022-03-23 18:49:11.190 +0300;N;Телеком;4;1;Холост;N;Среднее;N;25;F
708;2022-03-23 18:49:11.190 +0300;Y;Медицина;2;1;Холост;Y;Среднее;Y;58;M
709;2022-03-23 18:49:11.190 +0300;Y;Машиностроение;1;1;Состоит в браке;N;Высшее;N;33;M
710;2022-03-23 18:49:11.190 +0300;N;Металлургия;1;4;Холост;Y;Среднее профессиональное;Y;20;F
711;2022-03-23 18:49:11.190 +0300;N;Машиностроение;4;5;Состоит в браке;Y;Среднее;Y;48;F
712;2022-03-23 18:49:11.190 +0300;Y;Машиностроение;4;5;Холост;Y;Среднее;N;26;M
713;2022-03-23 18:49:11.190 +0300;N;Медицина;1;0;Состоит в браке;Y;Среднее профессиональное;N;18;F
714;2022-03-23 18:49:11.190 +0300;Y;IT;1;0;Состоит в браке;N;Среднее;Y;58;F
715;2022-03-23 18:49:11.190 +0300;Y;Машиностроение;4;1;В разводе;N;Начальное;N;21;F
716;2022-03-23 18:49:11.190 +0300;Y;Банки;4;4;Холост;Y;Среднее;N;62;M
717;2022-03-23 18:49:11.190 +0300;N;Добыча ископаемых;5;1;Состоит в браке;Y;Начальное;N;34;F
718;2022-03-23 18:49:11.190 +0300;Y;Машиностроение;5;1;В разводе;N;Среднее профессиональное;Y;34;F
719;2022-03-23 18:49:11.190 +0300;Y;Машиностроение;3;5;Состоит в браке;N;Начальное;Y;31;F
720;2022-03-23 18:49:11.190 +0300;N;Добыча ископаемых;4;0;Холост;N;Среднее;Y;42;M
721;2022-03-23 18:49:11.190 +0300;Y;IT;2;4;Состоит в браке;Y;Среднее;Y;42;F
722;2022-03-23 18:49:11.190 +0300;Y;Машиностроение;5;5;Состоит в браке;N;Высшее;N;51;M
723;2022-03-23 18:49:11.190 +0300;N;Банки;4;4;Холост;Y;Среднее;Y;49;M
724;2022-03-23 18:49:11.190 +0300;Y;Добыча ископаемых;4;2;Состоит в браке;N;Среднее профессиональное;Y;55;F
725;2022-03-23 18:49:11.190 +0300;Y;Добыча ископаемых;5;3;Состоит в браке;N;Высшее;Y;60;M
726;2022-03-23 18:49:11.190 +0300;N;Медицина;3;4;Холост;Y;Высшее;N;42;F
727;2022-03-23 18:49:11.190 +0300;N;Медицина;2;1;Состоит в браке;Y;Среднее;Y;36;M
728;2022-03-23 18:49:11.190 +0300;Y;IT;4;4;Состоит в браке;Y;Среднее;N;51;M
751;2022-03-23 18:49:11.190 +0300;N;Добыча ископаемых;3;5;В разводе;N;Среднее;N;25;F
729;2022-03-23 18:49:11.190 +0300;N;Банки;2;4;Холост;Y;Среднее профессиональное;Y;49;M
730;2022-03-23 18:49:11.190 +0300;Y;Медицина;5;2;Состоит в браке;N;Высшее;Y;57;M
731;2022-03-23 18:49:11.190 +0300;N;Телеком;2;1;Состоит в браке;N;Среднее;N;62;M
732;2022-03-23 18:49:11.190 +0300;Y;Медицина;1;1;Состоит в браке;Y;Среднее;N;60;F
733;2022-03-23 18:49:11.190 +0300;N;IT;4;1;В разводе;N;Среднее;N;22;F
734;2022-03-23 18:49:11.190 +0300;Y;Машиностроение;4;0;В разводе;Y;Начальное;Y;29;F
735;2022-03-23 18:49:11.190 +0300;Y;Телеком;4;1;Холост;Y;Среднее профессиональное;Y;64;F
736;2022-03-23 18:49:11.190 +0300;N;Медицина;2;1;В разводе;Y;Среднее профессиональное;N;63;F
737;2022-03-23 18:49:11.190 +0300;N;Банки;3;1;Холост;N;Высшее;Y;23;M
738;2022-03-23 18:49:11.190 +0300;N;Телеком;5;1;В разводе;Y;Высшее;Y;49;M
739;2022-03-23 18:49:11.190 +0300;N;Медицина;3;5;Состоит в браке;N;Начальное;Y;32;F
740;2022-03-23 18:49:11.190 +0300;Y;Металлургия;3;4;Состоит в браке;N;Начальное;Y;57;F
741;2022-03-23 18:49:11.190 +0300;Y;IT;1;5;В разводе;Y;Высшее;N;25;M
742;2022-03-23 18:49:11.190 +0300;N;Машиностроение;3;5;Состоит в браке;N;Высшее;N;18;F
743;2022-03-23 18:49:11.190 +0300;N;IT;5;0;В разводе;N;Среднее профессиональное;N;36;M
744;2022-03-23 18:49:11.190 +0300;N;Медицина;3;0;Состоит в браке;Y;Начальное;Y;41;F
745;2022-03-23 18:49:11.190 +0300;N;Медицина;2;3;В разводе;Y;Высшее;N;58;F
746;2022-03-23 18:49:11.190 +0300;N;Телеком;2;3;Состоит в браке;N;Начальное;N;65;M
747;2022-03-23 18:49:11.190 +0300;Y;Банки;1;0;В разводе;N;Среднее;Y;65;F
748;2022-03-23 18:49:11.190 +0300;Y;Банки;2;5;Состоит в браке;Y;Среднее;N;44;F
749;2022-03-23 18:49:11.190 +0300;Y;Медицина;3;4;Холост;N;Среднее профессиональное;Y;33;M
750;2022-03-23 18:49:11.190 +0300;Y;Телеком;4;0;Холост;Y;Начальное;N;55;M
752;2022-03-23 18:49:11.190 +0300;N;Телеком;4;1;Холост;Y;Среднее профессиональное;Y;46;F
753;2022-03-23 18:49:11.190 +0300;Y;Банки;1;3;Состоит в браке;Y;Среднее;N;53;F
754;2022-03-23 18:49:11.190 +0300;Y;Банки;4;5;В разводе;N;Среднее профессиональное;Y;53;M
755;2022-03-23 18:49:11.190 +0300;N;IT;4;2;В разводе;N;Среднее профессиональное;N;41;F
756;2022-03-23 18:49:11.190 +0300;N;Машиностроение;1;3;В разводе;Y;Высшее;N;30;F
757;2022-03-23 18:49:11.190 +0300;N;Машиностроение;3;1;Холост;Y;Среднее профессиональное;Y;23;F
758;2022-03-23 18:49:11.190 +0300;Y;Телеком;5;5;В разводе;Y;Начальное;Y;56;F
759;2022-03-23 18:49:11.190 +0300;Y;IT;1;4;В разводе;Y;Среднее профессиональное;N;44;F
760;2022-03-23 18:49:11.190 +0300;Y;Телеком;4;5;В разводе;Y;Начальное;Y;47;M
761;2022-03-23 18:49:11.190 +0300;Y;Машиностроение;2;2;В разводе;N;Среднее;Y;18;F
762;2022-03-23 18:49:11.190 +0300;N;Металлургия;1;3;Холост;Y;Среднее профессиональное;N;49;M
763;2022-03-23 18:49:11.190 +0300;Y;Медицина;2;3;Состоит в браке;N;Среднее профессиональное;Y;20;F
764;2022-03-23 18:49:11.190 +0300;N;IT;2;0;Холост;Y;Начальное;Y;19;F
765;2022-03-23 18:49:11.190 +0300;N;Добыча ископаемых;3;4;Состоит в браке;Y;Среднее;N;34;F
766;2022-03-23 18:49:11.190 +0300;N;Добыча ископаемых;1;5;В разводе;N;Среднее;N;36;F
767;2022-03-23 18:49:11.190 +0300;Y;Машиностроение;2;0;В разводе;Y;Высшее;N;61;M
768;2022-03-23 18:49:11.190 +0300;Y;Телеком;5;5;В разводе;Y;Высшее;N;30;M
769;2022-03-23 18:49:11.190 +0300;N;Телеком;3;5;В разводе;N;Начальное;N;57;F
770;2022-03-23 18:49:11.190 +0300;Y;IT;3;4;Холост;N;Среднее;Y;18;F
771;2022-03-23 18:49:11.190 +0300;N;Телеком;1;3;Холост;Y;Высшее;Y;62;M
772;2022-03-23 18:49:11.190 +0300;N;IT;3;3;Состоит в браке;Y;Начальное;N;38;F
773;2022-03-23 18:49:11.190 +0300;N;Медицина;3;3;Состоит в браке;N;Начальное;Y;58;F
774;2022-03-23 18:49:11.190 +0300;N;Добыча ископаемых;5;1;Холост;N;Среднее;N;47;M
775;2022-03-23 18:49:11.190 +0300;Y;IT;3;0;В разводе;Y;Начальное;N;54;M
776;2022-03-23 18:49:11.190 +0300;N;Машиностроение;3;0;Холост;Y;Начальное;N;21;F
777;2022-03-23 18:49:11.190 +0300;Y;IT;1;2;В разводе;Y;Среднее;Y;51;F
778;2022-03-23 18:49:11.190 +0300;N;Добыча ископаемых;3;0;В разводе;N;Высшее;Y;19;M
779;2022-03-23 18:49:11.190 +0300;Y;Машиностроение;1;2;Холост;Y;Начальное;N;64;F
780;2022-03-23 18:49:11.190 +0300;Y;Добыча ископаемых;4;1;В разводе;N;Высшее;Y;35;M
781;2022-03-23 18:49:11.190 +0300;Y;IT;5;3;Состоит в браке;Y;Начальное;N;21;M
782;2022-03-23 18:49:11.190 +0300;Y;Банки;5;5;Холост;N;Высшее;Y;63;F
783;2022-03-23 18:49:11.190 +0300;Y;Металлургия;4;3;В разводе;N;Начальное;N;48;M
784;2022-03-23 18:49:11.190 +0300;Y;IT;4;2;Состоит в браке;Y;Среднее;N;41;F
785;2022-03-23 18:49:11.190 +0300;N;Банки;1;1;Холост;Y;Среднее;Y;46;M
786;2022-03-23 18:49:11.190 +0300;Y;Телеком;2;1;В разводе;N;Среднее;Y;30;F
787;2022-03-23 18:49:11.190 +0300;N;Металлургия;2;2;Состоит в браке;Y;Среднее;N;37;F
788;2022-03-23 18:49:11.190 +0300;Y;Машиностроение;4;4;В разводе;N;Среднее;Y;31;F
789;2022-03-23 18:49:11.190 +0300;Y;Банки;1;3;В разводе;Y;Высшее;N;56;F
790;2022-03-23 18:49:11.190 +0300;N;Телеком;4;0;В разводе;N;Среднее;Y;65;M
791;2022-03-23 18:49:11.190 +0300;N;Машиностроение;5;1;Холост;N;Высшее;N;44;F
792;2022-03-23 18:49:11.190 +0300;N;Добыча ископаемых;5;5;В разводе;N;Среднее;N;46;F
793;2022-03-23 18:49:11.190 +0300;N;IT;4;4;В разводе;Y;Среднее профессиональное;N;38;F
794;2022-03-23 18:49:11.190 +0300;Y;Банки;5;4;Состоит в браке;Y;Высшее;Y;40;M
795;2022-03-23 18:49:11.190 +0300;N;IT;5;4;Состоит в браке;N;Среднее;N;51;F
796;2022-03-23 18:49:11.190 +0300;N;Телеком;4;4;Состоит в браке;Y;Высшее;N;56;F
797;2022-03-23 18:49:11.190 +0300;Y;Телеком;2;5;Холост;Y;Начальное;N;19;F
798;2022-03-23 18:49:11.190 +0300;N;Металлургия;2;3;Состоит в браке;N;Среднее;N;27;F
799;2022-03-23 18:49:11.190 +0300;N;Металлургия;3;1;В разводе;N;Высшее;Y;39;M
800;2022-03-23 18:49:11.190 +0300;Y;Телеком;5;3;В разводе;N;Начальное;Y;47;M
801;2022-03-23 18:49:11.190 +0300;Y;Добыча ископаемых;2;1;Холост;N;Высшее;N;20;M
802;2022-03-23 18:49:11.190 +0300;Y;Машиностроение;1;3;Холост;N;Высшее;Y;24;F
803;2022-03-23 18:49:11.190 +0300;N;Банки;1;4;Холост;Y;Высшее;N;56;F
804;2022-03-23 18:49:11.190 +0300;Y;Металлургия;1;2;В разводе;Y;Высшее;N;19;F
805;2022-03-23 18:49:11.190 +0300;N;Телеком;4;5;Холост;N;Среднее профессиональное;Y;21;F
806;2022-03-23 18:49:11.190 +0300;Y;Металлургия;5;4;Состоит в браке;N;Начальное;Y;22;M
807;2022-03-23 18:49:11.190 +0300;Y;Банки;3;0;Состоит в браке;Y;Среднее;Y;46;M
808;2022-03-23 18:49:11.190 +0300;N;IT;5;1;Состоит в браке;Y;Начальное;N;40;F
809;2022-03-23 18:49:11.190 +0300;N;Телеком;2;0;Холост;N;Среднее профессиональное;Y;58;M
810;2022-03-23 18:49:11.190 +0300;N;Добыча ископаемых;5;1;Состоит в браке;N;Начальное;Y;27;F
811;2022-03-23 18:49:11.190 +0300;N;Медицина;4;1;Состоит в браке;N;Среднее профессиональное;N;30;F
812;2022-03-23 18:49:11.190 +0300;N;Банки;3;5;Состоит в браке;N;Среднее профессиональное;N;34;F
813;2022-03-23 18:49:11.190 +0300;Y;Телеком;1;5;В разводе;N;Высшее;N;30;M
814;2022-03-23 18:49:11.190 +0300;Y;Телеком;2;2;Состоит в браке;N;Высшее;Y;65;M
815;2022-03-23 18:49:11.190 +0300;Y;Машиностроение;1;0;Состоит в браке;Y;Начальное;N;55;F
816;2022-03-23 18:49:11.190 +0300;Y;Медицина;1;0;В разводе;Y;Среднее;N;37;M
817;2022-03-23 18:49:11.190 +0300;N;IT;3;5;Состоит в браке;Y;Начальное;N;40;M
818;2022-03-23 18:49:11.190 +0300;Y;Банки;4;2;В разводе;Y;Среднее;N;19;F
819;2022-03-23 18:49:11.190 +0300;Y;IT;4;1;В разводе;Y;Начальное;Y;20;F
820;2022-03-23 18:49:11.190 +0300;N;Металлургия;4;5;В разводе;N;Среднее профессиональное;N;44;F
821;2022-03-23 18:49:11.190 +0300;Y;IT;5;3;В разводе;Y;Высшее;Y;26;F
822;2022-03-23 18:49:11.190 +0300;Y;Машиностроение;5;2;Холост;N;Среднее;N;20;M
823;2022-03-23 18:49:11.190 +0300;N;Банки;5;1;В разводе;N;Начальное;N;38;F
824;2022-03-23 18:49:11.190 +0300;N;IT;2;3;Состоит в браке;N;Начальное;N;21;M
825;2022-03-23 18:49:11.190 +0300;Y;Медицина;1;2;В разводе;N;Среднее профессиональное;Y;40;M
826;2022-03-23 18:49:11.190 +0300;Y;Машиностроение;3;4;Состоит в браке;Y;Начальное;Y;54;M
827;2022-03-23 18:49:11.190 +0300;N;Добыча ископаемых;2;5;Состоит в браке;Y;Среднее профессиональное;N;48;F
828;2022-03-23 18:49:11.190 +0300;Y;Металлургия;2;3;Холост;N;Высшее;Y;21;F
829;2022-03-23 18:49:11.190 +0300;Y;Добыча ископаемых;1;1;В разводе;Y;Высшее;N;39;F
830;2022-03-23 18:49:11.190 +0300;N;Телеком;3;3;Холост;Y;Начальное;Y;33;F
831;2022-03-23 18:49:11.190 +0300;Y;Добыча ископаемых;1;3;Холост;Y;Среднее профессиональное;N;61;M
832;2022-03-23 18:49:11.190 +0300;Y;Машиностроение;4;0;Состоит в браке;N;Начальное;N;39;F
833;2022-03-23 18:49:11.190 +0300;Y;Добыча ископаемых;5;2;Холост;Y;Среднее;N;18;M
834;2022-03-23 18:49:11.190 +0300;N;Машиностроение;3;4;Холост;Y;Высшее;Y;31;F
835;2022-03-23 18:49:11.190 +0300;Y;Металлургия;4;3;Холост;Y;Среднее профессиональное;Y;26;M
836;2022-03-23 18:49:11.190 +0300;Y;Добыча ископаемых;4;5;Холост;N;Среднее профессиональное;Y;23;M
837;2022-03-23 18:49:11.190 +0300;Y;Добыча ископаемых;1;4;В разводе;N;Среднее профессиональное;Y;19;F
838;2022-03-23 18:49:11.190 +0300;N;Металлургия;2;5;Холост;N;Среднее профессиональное;Y;24;M
839;2022-03-23 18:49:11.190 +0300;Y;Машиностроение;1;5;Состоит в браке;Y;Среднее профессиональное;Y;63;M
840;2022-03-23 18:49:11.190 +0300;Y;Телеком;4;3;Холост;N;Высшее;Y;46;M
841;2022-03-23 18:49:11.190 +0300;N;Банки;2;5;В разводе;Y;Высшее;N;49;M
842;2022-03-23 18:49:11.190 +0300;Y;Банки;3;4;Состоит в браке;Y;Высшее;N;61;F
843;2022-03-23 18:49:11.190 +0300;Y;Медицина;1;4;Холост;Y;Среднее;Y;22;M
844;2022-03-23 18:49:11.190 +0300;N;Добыча ископаемых;3;0;В разводе;N;Начальное;Y;29;F
845;2022-03-23 18:49:11.190 +0300;Y;Добыча ископаемых;1;4;Холост;N;Начальное;Y;36;M
846;2022-03-23 18:49:11.190 +0300;N;IT;4;1;В разводе;Y;Начальное;N;21;M
847;2022-03-23 18:49:11.190 +0300;N;Металлургия;3;5;В разводе;N;Среднее;Y;64;M
848;2022-03-23 18:49:11.190 +0300;Y;Телеком;4;1;Холост;N;Среднее;N;39;F
849;2022-03-23 18:49:11.190 +0300;Y;Металлургия;3;1;Холост;N;Высшее;N;47;F
850;2022-03-23 18:49:11.190 +0300;Y;Медицина;5;3;В разводе;N;Высшее;N;64;M
851;2022-03-23 18:49:11.190 +0300;N;Телеком;2;2;Холост;N;Начальное;Y;27;F
852;2022-03-23 18:49:11.190 +0300;Y;Банки;5;4;Холост;Y;Среднее;N;59;F
853;2022-03-23 18:49:11.190 +0300;Y;Медицина;5;3;Холост;N;Среднее;Y;41;M
854;2022-03-23 18:49:11.190 +0300;N;Медицина;2;1;Холост;N;Среднее;N;49;F
855;2022-03-23 18:49:11.190 +0300;Y;Банки;2;0;Состоит в браке;N;Высшее;N;64;F
856;2022-03-23 18:49:11.190 +0300;N;IT;1;3;В разводе;N;Среднее;Y;60;M
857;2022-03-23 18:49:11.190 +0300;N;Металлургия;3;5;Холост;N;Высшее;N;21;F
858;2022-03-23 18:49:11.190 +0300;N;Телеком;4;0;В разводе;Y;Начальное;Y;34;M
859;2022-03-23 18:49:11.190 +0300;N;Телеком;1;3;Состоит в браке;Y;Начальное;N;53;F
860;2022-03-23 18:49:11.190 +0300;Y;IT;3;0;Холост;Y;Среднее;N;48;F
861;2022-03-23 18:49:11.190 +0300;Y;Банки;4;1;Холост;N;Среднее профессиональное;Y;25;F
862;2022-03-23 18:49:11.190 +0300;N;IT;1;5;В разводе;N;Высшее;N;31;F
863;2022-03-23 18:49:11.190 +0300;Y;Телеком;4;5;Холост;N;Среднее профессиональное;Y;65;M
864;2022-03-23 18:49:11.190 +0300;N;Машиностроение;5;5;Состоит в браке;N;Высшее;Y;47;F
865;2022-03-23 18:49:11.190 +0300;N;Банки;4;0;Холост;Y;Среднее профессиональное;N;43;M
866;2022-03-23 18:49:11.190 +0300;Y;Машиностроение;5;2;В разводе;Y;Высшее;Y;32;M
867;2022-03-23 18:49:11.190 +0300;N;Телеком;5;4;В разводе;Y;Среднее профессиональное;Y;29;M
868;2022-03-23 18:49:11.190 +0300;Y;IT;4;3;Холост;N;Начальное;Y;21;M
869;2022-03-23 18:49:11.190 +0300;N;Медицина;1;0;Холост;Y;Среднее профессиональное;N;54;M
870;2022-03-23 18:49:11.190 +0300;N;Металлургия;1;4;Холост;Y;Высшее;N;49;F
871;2022-03-23 18:49:11.190 +0300;N;Телеком;5;3;Состоит в браке;Y;Среднее профессиональное;N;48;F
872;2022-03-23 18:49:11.190 +0300;Y;Добыча ископаемых;3;4;В разводе;Y;Среднее профессиональное;Y;55;M
873;2022-03-23 18:49:11.190 +0300;Y;Машиностроение;4;3;Состоит в браке;Y;Среднее профессиональное;N;32;F
874;2022-03-23 18:49:11.190 +0300;N;Банки;1;3;В разводе;Y;Среднее;N;34;M
875;2022-03-23 18:49:11.190 +0300;N;Металлургия;5;4;Холост;Y;Среднее профессиональное;N;61;F
876;2022-03-23 18:49:11.190 +0300;Y;Добыча ископаемых;5;3;Состоит в браке;Y;Среднее;Y;59;M
877;2022-03-23 18:49:11.190 +0300;N;Металлургия;5;0;В разводе;Y;Среднее профессиональное;N;61;M
878;2022-03-23 18:49:11.190 +0300;N;Металлургия;4;0;В разводе;N;Высшее;Y;57;M
879;2022-03-23 18:49:11.190 +0300;N;Добыча ископаемых;1;1;В разводе;Y;Среднее профессиональное;Y;64;F
880;2022-03-23 18:49:11.190 +0300;Y;Добыча ископаемых;5;3;Состоит в браке;N;Высшее;N;38;F
881;2022-03-23 18:49:11.190 +0300;N;Добыча ископаемых;5;0;Состоит в браке;N;Начальное;N;53;M
882;2022-03-23 18:49:11.190 +0300;N;Добыча ископаемых;2;1;Состоит в браке;N;Высшее;N;41;M
883;2022-03-23 18:49:11.190 +0300;N;IT;5;1;Холост;Y;Высшее;Y;36;F
884;2022-03-23 18:49:11.190 +0300;N;Банки;5;4;Холост;Y;Высшее;Y;54;F
885;2022-03-23 18:49:11.190 +0300;Y;Добыча ископаемых;5;3;Холост;Y;Среднее;N;24;M
886;2022-03-23 18:49:11.190 +0300;Y;Добыча ископаемых;5;3;В разводе;Y;Высшее;Y;61;M
887;2022-03-23 18:49:11.190 +0300;N;Банки;5;3;Состоит в браке;Y;Высшее;Y;37;F
888;2022-03-23 18:49:11.190 +0300;N;Телеком;4;2;Холост;N;Среднее профессиональное;N;32;F
889;2022-03-23 18:49:11.190 +0300;Y;Банки;3;4;В разводе;N;Начальное;Y;52;F
890;2022-03-23 18:49:11.190 +0300;Y;Добыча ископаемых;3;2;В разводе;N;Высшее;Y;33;M
891;2022-03-23 18:49:11.190 +0300;N;Машиностроение;2;5;В разводе;Y;Среднее;N;19;M
892;2022-03-23 18:49:11.190 +0300;N;Телеком;5;3;Состоит в браке;N;Среднее профессиональное;Y;26;F
893;2022-03-23 18:49:11.190 +0300;N;Банки;2;0;В разводе;Y;Высшее;Y;33;M
894;2022-03-23 18:49:11.190 +0300;N;Медицина;4;0;В разводе;N;Высшее;Y;57;M
895;2022-03-23 18:49:11.190 +0300;N;Телеком;3;5;Холост;N;Начальное;Y;60;F
896;2022-03-23 18:49:11.190 +0300;Y;Банки;5;4;Холост;Y;Начальное;Y;20;F
897;2022-03-23 18:49:11.190 +0300;Y;Банки;2;0;В разводе;N;Высшее;N;42;F
898;2022-03-23 18:49:11.190 +0300;Y;Машиностроение;2;4;В разводе;N;Начальное;N;58;F
899;2022-03-23 18:49:11.190 +0300;Y;Добыча ископаемых;2;3;В разводе;Y;Начальное;Y;45;M
900;2022-03-23 18:49:11.190 +0300;N;Машиностроение;1;5;Холост;N;Среднее;Y;20;F
901;2022-03-23 18:49:11.190 +0300;Y;Металлургия;1;1;Холост;N;Среднее;Y;45;F
902;2022-03-23 18:49:11.190 +0300;Y;Металлургия;4;5;Состоит в браке;Y;Начальное;N;45;F
903;2022-03-23 18:49:11.190 +0300;Y;Металлургия;1;2;Состоит в браке;N;Начальное;Y;64;M
904;2022-03-23 18:49:11.190 +0300;Y;IT;1;4;Состоит в браке;Y;Начальное;N;46;M
905;2022-03-23 18:49:11.190 +0300;N;Металлургия;5;2;Холост;N;Начальное;Y;45;M
906;2022-03-23 18:49:11.190 +0300;Y;Металлургия;1;2;Холост;N;Среднее;N;42;M
907;2022-03-23 18:49:11.190 +0300;N;Телеком;3;2;В разводе;Y;Начальное;Y;52;F
908;2022-03-23 18:49:11.190 +0300;Y;Банки;3;1;В разводе;N;Высшее;Y;59;M
909;2022-03-23 18:49:11.190 +0300;Y;Металлургия;2;4;В разводе;Y;Среднее;N;33;M
910;2022-03-23 18:49:11.190 +0300;N;Добыча ископаемых;1;1;В разводе;N;Среднее профессиональное;Y;38;M
911;2022-03-23 18:49:11.190 +0300;Y;Банки;1;1;Холост;Y;Высшее;N;27;F
912;2022-03-23 18:49:11.190 +0300;N;IT;1;0;Холост;Y;Среднее;N;38;F
913;2022-03-23 18:49:11.190 +0300;N;Медицина;3;4;Состоит в браке;N;Среднее;Y;46;M
914;2022-03-23 18:49:11.190 +0300;N;Добыча ископаемых;3;2;Холост;Y;Среднее;N;56;F
915;2022-03-23 18:49:11.190 +0300;N;Металлургия;1;2;В разводе;Y;Высшее;Y;42;F
916;2022-03-23 18:49:11.190 +0300;Y;Металлургия;1;2;Холост;Y;Среднее;N;52;M
917;2022-03-23 18:49:11.190 +0300;N;Металлургия;1;2;Состоит в браке;N;Среднее;Y;35;F
918;2022-03-23 18:49:11.190 +0300;Y;Машиностроение;1;2;Холост;Y;Среднее профессиональное;Y;47;F
919;2022-03-23 18:49:11.190 +0300;N;Машиностроение;5;5;В разводе;N;Среднее профессиональное;Y;39;M
920;2022-03-23 18:49:11.190 +0300;N;IT;4;4;Холост;N;Среднее;Y;63;M
921;2022-03-23 18:49:11.190 +0300;N;Добыча ископаемых;5;5;Холост;N;Начальное;N;64;F
922;2022-03-23 18:49:11.190 +0300;Y;IT;1;1;Холост;Y;Среднее;N;56;F
923;2022-03-23 18:49:11.190 +0300;Y;IT;3;1;Холост;N;Среднее профессиональное;Y;42;M
924;2022-03-23 18:49:11.190 +0300;Y;IT;1;4;Состоит в браке;N;Начальное;Y;61;F
925;2022-03-23 18:49:11.190 +0300;N;IT;5;0;В разводе;N;Начальное;Y;23;F
926;2022-03-23 18:49:11.190 +0300;Y;Медицина;3;0;Состоит в браке;N;Начальное;Y;23;F
927;2022-03-23 18:49:11.190 +0300;N;Машиностроение;2;2;В разводе;N;Среднее;Y;30;M
928;2022-03-23 18:49:11.190 +0300;Y;IT;3;4;Холост;N;Высшее;Y;22;M
929;2022-03-23 18:49:11.190 +0300;N;Металлургия;1;0;Холост;N;Начальное;N;33;F
930;2022-03-23 18:49:11.190 +0300;Y;Добыча ископаемых;4;0;В разводе;Y;Начальное;Y;29;M
931;2022-03-23 18:49:11.190 +0300;N;Добыча ископаемых;1;3;В разводе;N;Начальное;N;43;F
932;2022-03-23 18:49:11.190 +0300;Y;Телеком;2;0;В разводе;N;Среднее;Y;34;M
933;2022-03-23 18:49:11.190 +0300;Y;Машиностроение;4;0;Холост;Y;Начальное;Y;21;F
934;2022-03-23 18:49:11.190 +0300;Y;Телеком;4;1;В разводе;N;Среднее профессиональное;N;32;M
935;2022-03-23 18:49:11.190 +0300;Y;Добыча ископаемых;2;4;В разводе;Y;Начальное;Y;50;M
936;2022-03-23 18:49:11.190 +0300;N;Металлургия;3;4;Холост;N;Начальное;N;59;F
937;2022-03-23 18:49:11.190 +0300;Y;Металлургия;5;5;В разводе;N;Высшее;Y;46;F
938;2022-03-23 18:49:11.190 +0300;Y;IT;5;5;В разводе;N;Среднее;Y;43;F
939;2022-03-23 18:49:11.190 +0300;N;IT;5;2;В разводе;N;Начальное;Y;31;M
940;2022-03-23 18:49:11.190 +0300;N;Машиностроение;2;0;В разводе;Y;Среднее профессиональное;N;18;M
941;2022-03-23 18:49:11.190 +0300;N;Банки;2;3;В разводе;N;Высшее;Y;18;F
942;2022-03-23 18:49:11.190 +0300;N;IT;2;1;Холост;N;Высшее;Y;27;M
943;2022-03-23 18:49:11.190 +0300;Y;Банки;4;4;Холост;N;Среднее;Y;19;M
944;2022-03-23 18:49:11.190 +0300;Y;Добыча ископаемых;2;5;В разводе;Y;Высшее;N;58;F
945;2022-03-23 18:49:11.190 +0300;Y;Телеком;2;0;Состоит в браке;N;Высшее;N;21;F
946;2022-03-23 18:49:11.190 +0300;N;Машиностроение;4;3;Состоит в браке;N;Среднее;N;43;M
947;2022-03-23 18:49:11.190 +0300;N;Медицина;3;0;Холост;Y;Высшее;N;63;F
948;2022-03-23 18:49:11.190 +0300;N;Медицина;4;4;Холост;Y;Среднее;Y;32;M
949;2022-03-23 18:49:11.190 +0300;Y;IT;2;3;Состоит в браке;N;Начальное;N;37;M
950;2022-03-23 18:49:11.190 +0300;Y;Металлургия;5;3;Холост;N;Среднее;Y;60;M
951;2022-03-23 18:49:11.190 +0300;N;Добыча ископаемых;4;3;Состоит в браке;Y;Среднее профессиональное;Y;38;F
952;2022-03-23 18:49:11.190 +0300;Y;Машиностроение;1;1;Холост;Y;Среднее профессиональное;Y;39;M
953;2022-03-23 18:49:11.190 +0300;Y;Добыча ископаемых;1;0;Состоит в браке;Y;Среднее профессиональное;N;23;F
954;2022-03-23 18:49:11.190 +0300;N;Металлургия;2;1;В разводе;Y;Высшее;N;45;M
955;2022-03-23 18:49:11.190 +0300;Y;Добыча ископаемых;1;3;В разводе;N;Высшее;N;50;F
956;2022-03-23 18:49:11.190 +0300;Y;Медицина;1;3;В разводе;Y;Начальное;N;31;M
957;2022-03-23 18:49:11.190 +0300;N;Телеком;3;2;В разводе;Y;Среднее профессиональное;N;41;M
958;2022-03-23 18:49:11.190 +0300;N;Металлургия;5;4;Холост;N;Высшее;N;57;M
959;2022-03-23 18:49:11.190 +0300;N;IT;1;4;В разводе;N;Начальное;N;19;M
960;2022-03-23 18:49:11.190 +0300;N;Банки;3;3;Холост;N;Среднее профессиональное;Y;30;M
961;2022-03-23 18:49:11.190 +0300;Y;Медицина;5;2;Состоит в браке;Y;Высшее;N;49;M
962;2022-03-23 18:49:11.190 +0300;N;Машиностроение;1;3;В разводе;Y;Высшее;Y;19;M
963;2022-03-23 18:49:11.190 +0300;Y;Добыча ископаемых;2;0;В разводе;N;Среднее;N;49;F
964;2022-03-23 18:49:11.190 +0300;Y;Банки;1;3;Состоит в браке;N;Среднее профессиональное;Y;45;M
965;2022-03-23 18:49:11.190 +0300;Y;Телеком;4;0;Холост;Y;Среднее;N;49;F
966;2022-03-23 18:49:11.190 +0300;Y;Добыча ископаемых;3;3;Холост;Y;Начальное;Y;31;M
967;2022-03-23 18:49:11.190 +0300;Y;Медицина;3;0;В разводе;N;Высшее;N;31;M
968;2022-03-23 18:49:11.190 +0300;N;Металлургия;4;1;Холост;N;Среднее профессиональное;Y;36;M
969;2022-03-23 18:49:11.190 +0300;Y;Добыча ископаемых;4;2;Состоит в браке;N;Среднее;Y;58;F
970;2022-03-23 18:49:11.190 +0300;N;Банки;2;4;Состоит в браке;N;Среднее;N;34;F
971;2022-03-23 18:49:11.190 +0300;N;Машиностроение;2;4;Холост;Y;Среднее;Y;59;M
972;2022-03-23 18:49:11.190 +0300;Y;IT;5;5;В разводе;N;Начальное;N;38;M
973;2022-03-23 18:49:11.190 +0300;Y;Банки;5;4;В разводе;N;Среднее профессиональное;Y;41;M
974;2022-03-23 18:49:11.190 +0300;Y;Добыча ископаемых;3;0;В разводе;Y;Среднее;Y;47;M
975;2022-03-23 18:49:11.190 +0300;N;Банки;5;1;Холост;N;Среднее;Y;54;M
976;2022-03-23 18:49:11.190 +0300;N;Машиностроение;4;3;Холост;N;Среднее профессиональное;Y;30;M
977;2022-03-23 18:49:11.190 +0300;Y;IT;4;5;Состоит в браке;Y;Среднее профессиональное;Y;48;F
978;2022-03-23 18:49:11.190 +0300;Y;Металлургия;2;3;Холост;N;Высшее;Y;34;F
979;2022-03-23 18:49:11.190 +0300;Y;Добыча ископаемых;1;0;Холост;Y;Среднее профессиональное;N;25;F
980;2022-03-23 18:49:11.190 +0300;N;Добыча ископаемых;4;0;Холост;N;Начальное;N;23;F
981;2022-03-23 18:49:11.190 +0300;N;Добыча ископаемых;1;5;В разводе;N;Начальное;N;48;F
982;2022-03-23 18:49:11.190 +0300;N;Металлургия;1;4;Холост;Y;Среднее профессиональное;Y;23;F
983;2022-03-23 18:49:11.190 +0300;N;Металлургия;1;4;Холост;Y;Высшее;Y;61;F
984;2022-03-23 18:49:11.190 +0300;N;Машиностроение;1;4;Состоит в браке;Y;Среднее;Y;57;F
985;2022-03-23 18:49:11.190 +0300;N;Телеком;4;1;В разводе;N;Высшее;Y;40;F
986;2022-03-23 18:49:11.190 +0300;Y;Медицина;5;4;Состоит в браке;N;Среднее профессиональное;Y;53;M
987;2022-03-23 18:49:11.190 +0300;Y;Медицина;1;2;Холост;Y;Начальное;Y;56;F
988;2022-03-23 18:49:11.190 +0300;N;Добыча ископаемых;3;4;В разводе;Y;Начальное;Y;57;M
989;2022-03-23 18:49:11.190 +0300;Y;Банки;3;4;Состоит в браке;Y;Высшее;N;18;F
990;2022-03-23 18:49:11.190 +0300;N;Машиностроение;3;4;Холост;Y;Среднее;Y;46;M
991;2022-03-23 18:49:11.190 +0300;N;IT;4;1;В разводе;N;Среднее;Y;32;M
992;2022-03-23 18:49:11.190 +0300;Y;Телеком;5;0;Холост;N;Среднее;N;26;M
993;2022-03-23 18:49:11.190 +0300;Y;Добыча ископаемых;3;5;В разводе;Y;Среднее;N;35;F
994;2022-03-23 18:49:11.190 +0300;Y;Металлургия;5;1;Холост;Y;Высшее;Y;41;M
995;2022-03-23 18:49:11.190 +0300;Y;Машиностроение;1;4;Холост;Y;Начальное;N;19;M
996;2022-03-23 18:49:11.190 +0300;Y;Медицина;5;1;Холост;Y;Высшее;Y;45;F
997;2022-03-23 18:49:11.190 +0300;Y;Машиностроение;2;4;В разводе;N;Высшее;Y;38;M
998;2022-03-23 18:49:11.190 +0300;Y;Металлургия;5;3;Состоит в браке;N;Высшее;N;56;M
999;2022-03-23 18:49:11.190 +0300;Y;Добыча ископаемых;3;1;Состоит в браке;Y;Начальное;N;41;F
1000;2022-03-23 18:49:11.190 +0300;Y;Металлургия;1;4;Холост;Y;Начальное;Y;45;M
1001;2022-03-23 18:49:11.190 +0300;N;Банки;1;3;Холост;N;Среднее профессиональное;Y;39;F
1002;2022-03-23 18:49:11.190 +0300;N;Добыча ископаемых;3;3;Состоит в браке;N;Среднее;N;23;F
1003;2022-03-23 18:49:11.190 +0300;Y;Машиностроение;4;5;В разводе;Y;Высшее;N;26;M
1004;2022-03-23 18:49:11.190 +0300;N;Телеком;2;5;В разводе;Y;Начальное;N;65;M
1005;2022-03-23 18:49:11.190 +0300;N;Медицина;2;2;Состоит в браке;Y;Среднее;N;54;F
1006;2022-03-23 18:49:11.190 +0300;Y;IT;4;0;Холост;Y;Среднее профессиональное;N;44;F
1007;2022-03-23 18:49:11.190 +0300;N;Банки;3;3;Состоит в браке;N;Начальное;N;27;M
1008;2022-03-23 18:49:11.190 +0300;N;Машиностроение;1;5;Состоит в браке;Y;Среднее;Y;41;F
1009;2022-03-23 18:49:11.190 +0300;N;Металлургия;4;2;Состоит в браке;Y;Среднее профессиональное;N;41;F
1010;2022-03-23 18:49:11.190 +0300;N;Добыча ископаемых;4;5;В разводе;Y;Высшее;Y;57;F
1011;2022-03-23 18:49:11.190 +0300;N;Медицина;1;3;В разводе;N;Начальное;N;28;F
1012;2022-03-23 18:49:11.190 +0300;N;IT;5;2;Состоит в браке;N;Высшее;Y;57;M
1013;2022-03-23 18:49:11.190 +0300;N;Телеком;3;0;Холост;N;Начальное;N;23;M
1014;2022-03-23 18:49:11.190 +0300;Y;Металлургия;3;5;Холост;Y;Начальное;Y;23;F
1015;2022-03-23 18:49:11.190 +0300;Y;Добыча ископаемых;2;3;В разводе;N;Начальное;N;36;F
1016;2022-03-23 18:49:11.190 +0300;Y;Телеком;5;2;В разводе;N;Начальное;N;53;F
1017;2022-03-23 18:49:11.190 +0300;N;IT;5;0;В разводе;N;Высшее;N;48;M
1018;2022-03-23 18:49:11.190 +0300;Y;Добыча ископаемых;1;1;В разводе;Y;Среднее профессиональное;N;19;F
1019;2022-03-23 18:49:11.190 +0300;N;Металлургия;5;5;Состоит в браке;N;Высшее;Y;32;F
1020;2022-03-23 18:49:11.190 +0300;Y;Металлургия;3;0;Состоит в браке;Y;Среднее профессиональное;N;56;M
1021;2022-03-23 18:49:11.190 +0300;N;Банки;5;1;Состоит в браке;Y;Среднее профессиональное;N;49;M
1022;2022-03-23 18:49:11.190 +0300;N;Машиностроение;3;5;Состоит в браке;Y;Начальное;Y;49;M
1023;2022-03-23 18:49:11.190 +0300;Y;Медицина;3;1;В разводе;Y;Среднее профессиональное;Y;39;M
1024;2022-03-23 18:49:11.190 +0300;Y;Добыча ископаемых;5;0;Состоит в браке;Y;Среднее;N;56;M
1025;2022-03-23 18:49:11.190 +0300;N;Медицина;1;0;Состоит в браке;Y;Среднее;Y;44;F
1026;2022-03-23 18:49:11.190 +0300;Y;Металлургия;4;2;Состоит в браке;Y;Среднее;Y;25;F
1027;2022-03-23 18:49:11.190 +0300;N;Добыча ископаемых;3;0;Холост;Y;Начальное;N;54;M
1028;2022-03-23 18:49:11.190 +0300;Y;Медицина;1;1;Холост;Y;Среднее;N;23;M
1029;2022-03-23 18:49:11.190 +0300;N;Телеком;5;4;В разводе;Y;Высшее;N;18;M
1030;2022-03-23 18:49:11.190 +0300;Y;IT;3;1;Холост;N;Начальное;N;28;M
1031;2022-03-23 18:49:11.190 +0300;N;Добыча ископаемых;2;4;Холост;Y;Высшее;Y;34;F
1032;2022-03-23 18:49:11.190 +0300;N;Машиностроение;5;1;Холост;N;Среднее профессиональное;N;40;F
1033;2022-03-23 18:49:11.190 +0300;Y;Машиностроение;2;5;В разводе;N;Высшее;N;41;M
1034;2022-03-23 18:49:11.190 +0300;N;Банки;4;5;В разводе;Y;Начальное;Y;48;M
1035;2022-03-23 18:49:11.190 +0300;Y;Медицина;3;4;Холост;N;Начальное;Y;42;M
1036;2022-03-23 18:49:11.190 +0300;N;Добыча ископаемых;2;3;В разводе;Y;Высшее;N;49;F
1037;2022-03-23 18:49:11.190 +0300;Y;Телеком;4;1;В разводе;N;Среднее;Y;47;M
1038;2022-03-23 18:49:11.190 +0300;N;Телеком;2;2;Холост;N;Начальное;N;35;M
1039;2022-03-23 18:49:11.190 +0300;Y;Добыча ископаемых;1;5;Холост;Y;Среднее профессиональное;N;21;M
1040;2022-03-23 18:49:11.190 +0300;Y;IT;3;0;Холост;Y;Высшее;N;51;F
1041;2022-03-23 18:49:11.190 +0300;N;Телеком;2;5;В разводе;Y;Среднее профессиональное;N;33;M
1042;2022-03-23 18:49:11.190 +0300;Y;Машиностроение;2;0;В разводе;Y;Среднее профессиональное;Y;52;F
1043;2022-03-23 18:49:11.190 +0300;N;Машиностроение;1;4;В разводе;N;Начальное;Y;51;F
1044;2022-03-23 18:49:11.190 +0300;N;Медицина;5;0;В разводе;N;Среднее профессиональное;Y;34;F
1045;2022-03-23 18:49:11.190 +0300;N;IT;2;3;Состоит в браке;N;Среднее профессиональное;N;63;F
1046;2022-03-23 18:49:11.190 +0300;N;Телеком;5;3;Состоит в браке;Y;Начальное;N;26;F
1047;2022-03-23 18:49:11.190 +0300;Y;Банки;5;5;Холост;Y;Начальное;N;55;F
1048;2022-03-23 18:49:11.190 +0300;N;Машиностроение;4;5;Холост;Y;Высшее;N;56;F
1049;2022-03-23 18:49:11.190 +0300;Y;Добыча ископаемых;2;1;Холост;N;Высшее;N;29;M
1050;2022-03-23 18:49:11.190 +0300;Y;IT;1;2;Состоит в браке;Y;Среднее;Y;57;F
1051;2022-03-23 18:49:11.190 +0300;N;Банки;2;1;Состоит в браке;N;Среднее;N;40;M
1052;2022-03-23 18:49:11.190 +0300;Y;Металлургия;4;1;Холост;N;Среднее;Y;45;F
1095;2022-03-23 18:49:11.190 +0300;N;IT;3;2;Состоит в браке;Y;Высшее;Y;23;F
1053;2022-03-23 18:49:11.190 +0300;N;Машиностроение;4;2;Состоит в браке;Y;Среднее;Y;36;F
1054;2022-03-23 18:49:11.190 +0300;Y;Телеком;2;4;В разводе;Y;Среднее профессиональное;Y;34;M
1055;2022-03-23 18:49:11.190 +0300;Y;Машиностроение;2;2;Холост;Y;Высшее;Y;34;M
1056;2022-03-23 18:49:11.190 +0300;Y;Металлургия;2;1;Состоит в браке;N;Начальное;N;24;M
1057;2022-03-23 18:49:11.190 +0300;Y;Добыча ископаемых;3;5;В разводе;Y;Среднее;N;29;M
1058;2022-03-23 18:49:11.190 +0300;N;Медицина;3;0;Холост;Y;Начальное;N;65;M
1059;2022-03-23 18:49:11.190 +0300;N;Телеком;5;2;В разводе;N;Начальное;Y;31;F
1060;2022-03-23 18:49:11.190 +0300;N;Банки;4;1;Холост;N;Среднее;N;44;F
1061;2022-03-23 18:49:11.190 +0300;Y;Банки;5;3;Состоит в браке;N;Среднее профессиональное;Y;27;F
1062;2022-03-23 18:49:11.190 +0300;Y;Металлургия;4;0;В разводе;Y;Начальное;Y;53;F
1063;2022-03-23 18:49:11.190 +0300;Y;Медицина;3;1;В разводе;Y;Среднее;Y;39;F
1064;2022-03-23 18:49:11.190 +0300;N;Телеком;5;1;В разводе;N;Среднее профессиональное;Y;38;M
1065;2022-03-23 18:49:11.190 +0300;N;Машиностроение;4;3;Холост;Y;Среднее;Y;23;F
1066;2022-03-23 18:49:11.190 +0300;N;Машиностроение;3;4;В разводе;Y;Высшее;Y;37;F
1067;2022-03-23 18:49:11.190 +0300;N;Добыча ископаемых;4;4;Состоит в браке;N;Среднее;Y;31;F
1068;2022-03-23 18:49:11.190 +0300;Y;Добыча ископаемых;2;5;Холост;Y;Начальное;Y;45;F
1069;2022-03-23 18:49:11.190 +0300;N;Добыча ископаемых;2;5;Состоит в браке;N;Начальное;N;41;M
1070;2022-03-23 18:49:11.190 +0300;N;Машиностроение;2;4;В разводе;N;Среднее профессиональное;Y;53;M
1071;2022-03-23 18:49:11.190 +0300;N;Добыча ископаемых;1;2;Холост;Y;Начальное;N;53;M
1072;2022-03-23 18:49:11.190 +0300;Y;Машиностроение;4;5;В разводе;N;Среднее;Y;56;M
1073;2022-03-23 18:49:11.190 +0300;Y;Телеком;5;5;Состоит в браке;N;Начальное;N;58;F
1074;2022-03-23 18:49:11.190 +0300;Y;Металлургия;5;2;Холост;Y;Среднее профессиональное;Y;47;M
1075;2022-03-23 18:49:11.190 +0300;Y;Машиностроение;1;1;В разводе;N;Начальное;Y;25;M
1076;2022-03-23 18:49:11.190 +0300;N;Металлургия;1;0;В разводе;N;Среднее;N;30;M
1077;2022-03-23 18:49:11.190 +0300;N;Машиностроение;1;0;Состоит в браке;N;Среднее профессиональное;Y;48;M
1078;2022-03-23 18:49:11.190 +0300;Y;Добыча ископаемых;1;0;Состоит в браке;N;Среднее;N;27;F
1079;2022-03-23 18:49:11.190 +0300;Y;IT;4;4;Холост;Y;Высшее;N;42;M
1080;2022-03-23 18:49:11.190 +0300;N;Банки;3;2;Состоит в браке;N;Начальное;Y;58;M
1081;2022-03-23 18:49:11.190 +0300;N;Добыча ископаемых;2;2;В разводе;N;Среднее профессиональное;Y;37;M
1082;2022-03-23 18:49:11.190 +0300;N;Добыча ископаемых;5;3;Холост;Y;Среднее профессиональное;Y;46;M
1083;2022-03-23 18:49:11.190 +0300;N;Телеком;1;2;Состоит в браке;Y;Среднее профессиональное;Y;44;F
1084;2022-03-23 18:49:11.190 +0300;Y;IT;1;4;В разводе;N;Начальное;Y;60;F
1085;2022-03-23 18:49:11.190 +0300;Y;IT;1;4;Холост;N;Высшее;Y;23;M
1086;2022-03-23 18:49:11.190 +0300;Y;Медицина;1;2;Холост;N;Начальное;Y;47;M
1087;2022-03-23 18:49:11.190 +0300;N;Банки;3;1;Состоит в браке;Y;Среднее;Y;51;F
1088;2022-03-23 18:49:11.190 +0300;Y;IT;5;0;В разводе;N;Среднее профессиональное;Y;31;F
1089;2022-03-23 18:49:11.190 +0300;N;Металлургия;2;0;Холост;N;Начальное;N;27;M
1090;2022-03-23 18:49:11.190 +0300;N;Машиностроение;1;0;Холост;N;Среднее;N;21;F
1091;2022-03-23 18:49:11.190 +0300;N;Добыча ископаемых;5;4;Холост;N;Среднее;Y;42;F
1092;2022-03-23 18:49:11.190 +0300;Y;Добыча ископаемых;5;5;В разводе;Y;Высшее;N;47;F
1093;2022-03-23 18:49:11.190 +0300;N;Банки;3;4;Состоит в браке;Y;Среднее профессиональное;N;30;M
1094;2022-03-23 18:49:11.190 +0300;N;IT;1;0;В разводе;Y;Среднее;N;27;M
1139;2022-03-23 18:49:11.190 +0300;N;Телеком;4;2;Холост;Y;Высшее;N;58;M
1096;2022-03-23 18:49:11.190 +0300;N;Телеком;2;2;Состоит в браке;Y;Высшее;Y;24;M
1097;2022-03-23 18:49:11.190 +0300;Y;IT;5;3;Состоит в браке;Y;Среднее;Y;57;F
1098;2022-03-23 18:49:11.190 +0300;Y;Металлургия;2;4;Состоит в браке;N;Высшее;N;50;M
1099;2022-03-23 18:49:11.190 +0300;N;Добыча ископаемых;2;4;Состоит в браке;N;Среднее профессиональное;Y;47;F
1100;2022-03-23 18:49:11.190 +0300;Y;Банки;5;5;В разводе;Y;Среднее;Y;58;M
1101;2022-03-23 18:49:11.190 +0300;Y;Банки;4;1;Состоит в браке;N;Среднее профессиональное;N;53;F
1102;2022-03-23 18:49:11.190 +0300;N;Телеком;3;5;Холост;N;Начальное;Y;49;M
1103;2022-03-23 18:49:11.190 +0300;Y;Добыча ископаемых;1;0;Состоит в браке;Y;Среднее;Y;60;F
1104;2022-03-23 18:49:11.190 +0300;Y;Машиностроение;3;4;Состоит в браке;Y;Высшее;N;37;M
1105;2022-03-23 18:49:11.190 +0300;N;Металлургия;3;1;В разводе;Y;Начальное;N;60;M
1106;2022-03-23 18:49:11.190 +0300;N;Медицина;5;2;В разводе;N;Среднее профессиональное;Y;44;M
1107;2022-03-23 18:49:11.190 +0300;N;Металлургия;5;2;Холост;Y;Начальное;N;61;M
1108;2022-03-23 18:49:11.190 +0300;N;Медицина;1;5;Холост;Y;Начальное;N;61;F
1109;2022-03-23 18:49:11.190 +0300;N;Машиностроение;5;1;Холост;N;Среднее профессиональное;N;38;M
1110;2022-03-23 18:49:11.190 +0300;N;Банки;5;0;В разводе;Y;Среднее профессиональное;N;35;F
1111;2022-03-23 18:49:11.190 +0300;N;Банки;2;0;Состоит в браке;N;Среднее профессиональное;N;64;F
1112;2022-03-23 18:49:11.190 +0300;N;Добыча ископаемых;2;3;В разводе;N;Среднее профессиональное;Y;42;M
1113;2022-03-23 18:49:11.190 +0300;Y;Телеком;5;3;Состоит в браке;Y;Среднее;Y;20;F
1114;2022-03-23 18:49:11.190 +0300;N;Медицина;1;5;В разводе;N;Высшее;Y;27;F
1115;2022-03-23 18:49:11.190 +0300;Y;Медицина;2;0;Холост;N;Высшее;N;37;F
1116;2022-03-23 18:49:11.190 +0300;Y;Металлургия;5;4;Состоит в браке;Y;Высшее;N;62;F
1117;2022-03-23 18:49:11.190 +0300;N;IT;5;4;Состоит в браке;N;Среднее профессиональное;Y;57;F
1118;2022-03-23 18:49:11.190 +0300;Y;Машиностроение;1;2;В разводе;Y;Среднее;Y;38;F
1119;2022-03-23 18:49:11.190 +0300;Y;Машиностроение;4;2;Холост;N;Высшее;N;50;F
1120;2022-03-23 18:49:11.190 +0300;Y;Медицина;5;3;В разводе;Y;Среднее;Y;20;M
1121;2022-03-23 18:49:11.190 +0300;N;Банки;5;0;Холост;N;Начальное;Y;26;M
1122;2022-03-23 18:49:11.190 +0300;N;Телеком;3;5;Холост;N;Среднее профессиональное;Y;52;F
1123;2022-03-23 18:49:11.190 +0300;N;Машиностроение;2;5;В разводе;Y;Высшее;N;36;F
1124;2022-03-23 18:49:11.190 +0300;N;Добыча ископаемых;4;4;Холост;Y;Начальное;N;21;F
1125;2022-03-23 18:49:11.190 +0300;N;Медицина;1;3;Холост;Y;Начальное;N;32;M
1126;2022-03-23 18:49:11.190 +0300;Y;Банки;1;4;Холост;N;Среднее профессиональное;Y;26;F
1127;2022-03-23 18:49:11.190 +0300;N;Банки;5;3;Состоит в браке;N;Среднее профессиональное;Y;58;M
1128;2022-03-23 18:49:11.190 +0300;Y;Металлургия;5;4;Состоит в браке;Y;Среднее;Y;21;F
1129;2022-03-23 18:49:11.190 +0300;N;Машиностроение;3;4;В разводе;N;Среднее профессиональное;N;27;M
1130;2022-03-23 18:49:11.190 +0300;N;Добыча ископаемых;5;3;Состоит в браке;Y;Среднее профессиональное;N;42;F
1131;2022-03-23 18:49:11.190 +0300;Y;Металлургия;1;0;Холост;N;Среднее;Y;37;M
1132;2022-03-23 18:49:11.190 +0300;N;Банки;5;1;Холост;Y;Среднее;Y;19;M
1133;2022-03-23 18:49:11.190 +0300;Y;IT;4;4;Холост;Y;Начальное;Y;51;F
1134;2022-03-23 18:49:11.190 +0300;Y;Банки;5;4;Состоит в браке;Y;Начальное;N;28;M
1135;2022-03-23 18:49:11.190 +0300;Y;Медицина;4;5;Состоит в браке;Y;Высшее;Y;33;M
1136;2022-03-23 18:49:11.190 +0300;N;Банки;4;0;Холост;N;Высшее;Y;63;M
1137;2022-03-23 18:49:11.190 +0300;Y;Машиностроение;5;4;Состоит в браке;Y;Начальное;N;31;M
1138;2022-03-23 18:49:11.190 +0300;N;Банки;2;3;В разводе;N;Высшее;Y;39;M
1140;2022-03-23 18:49:11.190 +0300;N;Добыча ископаемых;3;4;Состоит в браке;Y;Среднее профессиональное;N;49;F
1141;2022-03-23 18:49:11.190 +0300;N;IT;4;4;В разводе;Y;Среднее;N;34;M
1142;2022-03-23 18:49:11.190 +0300;Y;Металлургия;4;0;В разводе;N;Среднее;Y;28;F
1143;2022-03-23 18:49:11.190 +0300;N;Банки;4;4;Состоит в браке;Y;Высшее;N;34;M
1144;2022-03-23 18:49:11.190 +0300;N;Машиностроение;2;3;Состоит в браке;Y;Среднее профессиональное;N;50;M
1145;2022-03-23 18:49:11.190 +0300;N;Машиностроение;4;3;В разводе;Y;Начальное;N;60;F
1146;2022-03-23 18:49:11.190 +0300;Y;Добыча ископаемых;3;0;Холост;Y;Начальное;N;47;M
1147;2022-03-23 18:49:11.190 +0300;N;IT;1;4;В разводе;N;Среднее;Y;18;M
1148;2022-03-23 18:49:11.190 +0300;Y;Добыча ископаемых;4;2;Холост;N;Высшее;N;50;M
1149;2022-03-23 18:49:11.190 +0300;Y;Медицина;3;5;В разводе;Y;Высшее;Y;55;M
1150;2022-03-23 18:49:11.190 +0300;N;Машиностроение;3;1;В разводе;N;Начальное;Y;60;F
1151;2022-03-23 18:49:11.190 +0300;N;Банки;5;4;Состоит в браке;Y;Начальное;N;29;M
1152;2022-03-23 18:49:11.190 +0300;Y;Медицина;2;2;В разводе;N;Начальное;Y;46;M
1153;2022-03-23 18:49:11.190 +0300;Y;Телеком;2;2;Холост;N;Среднее;Y;65;F
1154;2022-03-23 18:49:11.190 +0300;N;Добыча ископаемых;3;2;Холост;Y;Среднее профессиональное;Y;35;F
1155;2022-03-23 18:49:11.190 +0300;N;Машиностроение;3;3;Состоит в браке;N;Среднее профессиональное;N;28;M
1156;2022-03-23 18:49:11.190 +0300;Y;Машиностроение;2;2;В разводе;N;Среднее;N;39;M
1157;2022-03-23 18:49:11.190 +0300;N;Металлургия;2;1;Холост;Y;Высшее;Y;49;M
1158;2022-03-23 18:49:11.190 +0300;Y;Машиностроение;4;3;Состоит в браке;N;Среднее;Y;40;F
1159;2022-03-23 18:49:11.190 +0300;Y;Металлургия;1;0;Состоит в браке;N;Начальное;Y;49;M
1160;2022-03-23 18:49:11.190 +0300;N;Машиностроение;1;0;В разводе;N;Среднее профессиональное;Y;53;M
1161;2022-03-23 18:49:11.190 +0300;Y;Телеком;2;0;В разводе;Y;Среднее;N;53;F
1162;2022-03-23 18:49:11.190 +0300;N;Машиностроение;2;0;В разводе;Y;Среднее профессиональное;N;18;F
1163;2022-03-23 18:49:11.190 +0300;N;Телеком;3;2;В разводе;Y;Начальное;N;59;M
1164;2022-03-23 18:49:11.190 +0300;Y;IT;3;1;Состоит в браке;N;Среднее;Y;41;F
1165;2022-03-23 18:49:11.190 +0300;N;Банки;2;3;Состоит в браке;N;Среднее;N;64;M
1166;2022-03-23 18:49:11.190 +0300;N;Телеком;4;3;Холост;Y;Среднее профессиональное;N;56;F
1167;2022-03-23 18:49:11.190 +0300;N;Банки;3;3;Состоит в браке;N;Высшее;Y;46;M
1168;2022-03-23 18:49:11.190 +0300;N;Машиностроение;3;5;Состоит в браке;N;Среднее профессиональное;N;65;F
1169;2022-03-23 18:49:11.190 +0300;N;Добыча ископаемых;2;5;В разводе;N;Начальное;Y;57;F
1170;2022-03-23 18:49:11.190 +0300;N;Добыча ископаемых;4;4;Состоит в браке;Y;Начальное;Y;24;F
1171;2022-03-23 18:49:11.190 +0300;N;Банки;5;4;В разводе;N;Начальное;Y;31;F
1172;2022-03-23 18:49:11.190 +0300;N;Телеком;1;0;Холост;N;Высшее;Y;51;M
1173;2022-03-23 18:49:11.190 +0300;N;Машиностроение;5;3;Состоит в браке;Y;Среднее;N;54;F
1174;2022-03-23 18:49:11.190 +0300;Y;IT;4;0;Холост;N;Начальное;N;35;F
1175;2022-03-23 18:49:11.190 +0300;Y;Металлургия;2;4;Холост;N;Начальное;Y;65;M
1176;2022-03-23 18:49:11.190 +0300;N;Медицина;5;4;В разводе;Y;Высшее;Y;56;M
1177;2022-03-23 18:49:11.190 +0300;Y;Телеком;2;2;Холост;Y;Начальное;N;36;M
1178;2022-03-23 18:49:11.190 +0300;N;Добыча ископаемых;1;4;Холост;N;Среднее профессиональное;Y;51;M
1179;2022-03-23 18:49:11.190 +0300;Y;Медицина;3;1;Состоит в браке;N;Высшее;N;60;M
1180;2022-03-23 18:49:11.190 +0300;Y;Телеком;5;4;Состоит в браке;N;Среднее;Y;33;F
1181;2022-03-23 18:49:11.190 +0300;N;Машиностроение;1;4;В разводе;Y;Начальное;Y;62;M
1182;2022-03-23 18:49:11.190 +0300;N;Медицина;5;4;В разводе;Y;Среднее;N;41;M
1183;2022-03-23 18:49:11.190 +0300;Y;IT;4;1;Холост;Y;Среднее профессиональное;Y;43;M
1184;2022-03-23 18:49:11.190 +0300;Y;Медицина;3;4;Состоит в браке;Y;Среднее профессиональное;N;47;F
1185;2022-03-23 18:49:11.190 +0300;N;Машиностроение;3;5;В разводе;Y;Среднее;Y;47;M
1186;2022-03-23 18:49:11.190 +0300;N;Машиностроение;3;2;В разводе;N;Среднее;N;63;M
1187;2022-03-23 18:49:11.190 +0300;Y;Медицина;4;4;В разводе;Y;Среднее;N;61;F
1188;2022-03-23 18:49:11.190 +0300;Y;IT;4;3;Состоит в браке;N;Среднее профессиональное;N;54;M
1189;2022-03-23 18:49:11.190 +0300;Y;Машиностроение;3;5;Состоит в браке;Y;Высшее;N;28;F
1190;2022-03-23 18:49:11.190 +0300;N;Банки;2;4;Состоит в браке;Y;Среднее;Y;65;M
1191;2022-03-23 18:49:11.190 +0300;N;Медицина;3;0;Холост;Y;Начальное;N;26;M
1192;2022-03-23 18:49:11.190 +0300;N;Банки;5;5;Состоит в браке;Y;Начальное;N;32;F
1193;2022-03-23 18:49:11.190 +0300;Y;Медицина;3;3;Состоит в браке;N;Среднее;N;61;F
1194;2022-03-23 18:49:11.190 +0300;N;Медицина;5;2;Холост;N;Среднее профессиональное;Y;56;M
1195;2022-03-23 18:49:11.190 +0300;Y;IT;4;0;В разводе;Y;Среднее профессиональное;N;35;F
1196;2022-03-23 18:49:11.190 +0300;N;IT;4;0;Холост;Y;Начальное;N;62;F
1197;2022-03-23 18:49:11.190 +0300;N;Машиностроение;5;2;Состоит в браке;Y;Среднее профессиональное;N;31;M
1198;2022-03-23 18:49:11.190 +0300;N;Металлургия;2;0;Холост;Y;Среднее профессиональное;Y;48;M
1199;2022-03-23 18:49:11.190 +0300;Y;Телеком;1;5;Холост;N;Высшее;Y;56;M
1200;2022-03-23 18:49:11.190 +0300;Y;Машиностроение;4;0;В разводе;N;Начальное;Y;40;M
1201;2022-03-23 18:49:11.190 +0300;N;Машиностроение;4;2;В разводе;N;Среднее профессиональное;N;33;F
1202;2022-03-23 18:49:11.190 +0300;Y;Металлургия;3;2;Состоит в браке;Y;Высшее;N;21;M
1203;2022-03-23 18:49:11.190 +0300;Y;Металлургия;2;2;В разводе;Y;Среднее;Y;22;F
1204;2022-03-23 18:49:11.190 +0300;Y;Добыча ископаемых;4;4;Состоит в браке;Y;Начальное;Y;47;M
1205;2022-03-23 18:49:11.190 +0300;Y;Медицина;3;4;Холост;N;Среднее профессиональное;N;63;F
1206;2022-03-23 18:49:11.190 +0300;N;Банки;2;5;В разводе;N;Среднее;Y;65;F
1207;2022-03-23 18:49:11.190 +0300;Y;IT;3;0;Холост;Y;Начальное;N;24;M
1208;2022-03-23 18:49:11.190 +0300;N;Добыча ископаемых;3;4;Состоит в браке;Y;Среднее;Y;55;F
1209;2022-03-23 18:49:11.190 +0300;Y;Машиностроение;1;4;В разводе;Y;Среднее профессиональное;Y;63;M
1210;2022-03-23 18:49:11.190 +0300;N;Металлургия;1;0;Состоит в браке;Y;Среднее профессиональное;Y;37;F
1211;2022-03-23 18:49:11.190 +0300;Y;IT;1;5;Холост;N;Высшее;N;55;M
1212;2022-03-23 18:49:11.190 +0300;Y;Телеком;5;0;Состоит в браке;N;Начальное;N;59;M
1213;2022-03-23 18:49:11.190 +0300;Y;Банки;4;4;В разводе;Y;Среднее профессиональное;Y;58;M
1214;2022-03-23 18:49:11.190 +0300;Y;Банки;5;0;Состоит в браке;N;Начальное;N;25;F
1215;2022-03-23 18:49:11.190 +0300;Y;Металлургия;2;5;В разводе;N;Начальное;Y;35;F
1216;2022-03-23 18:49:11.190 +0300;Y;Телеком;1;5;В разводе;N;Начальное;N;31;M
1217;2022-03-23 18:49:11.190 +0300;Y;IT;2;5;Холост;N;Среднее профессиональное;Y;52;M
1218;2022-03-23 18:49:11.190 +0300;N;Телеком;3;2;В разводе;N;Начальное;Y;28;F
1219;2022-03-23 18:49:11.190 +0300;N;Металлургия;4;4;В разводе;N;Высшее;Y;62;F
1220;2022-03-23 18:49:11.190 +0300;Y;Телеком;3;1;В разводе;Y;Высшее;N;64;M
1221;2022-03-23 18:49:11.190 +0300;Y;Телеком;4;0;В разводе;Y;Высшее;Y;19;M
1222;2022-03-23 18:49:11.190 +0300;Y;Медицина;2;4;Холост;Y;Среднее профессиональное;N;27;M
1223;2022-03-23 18:49:11.190 +0300;N;Металлургия;3;1;Состоит в браке;N;Высшее;N;39;M
1224;2022-03-23 18:49:11.190 +0300;N;Телеком;3;1;Состоит в браке;N;Среднее;N;46;M
1225;2022-03-23 18:49:11.190 +0300;Y;Медицина;1;0;В разводе;N;Среднее профессиональное;N;42;M
1226;2022-03-23 18:49:11.190 +0300;N;Телеком;5;0;Состоит в браке;N;Среднее;N;55;M
1227;2022-03-23 18:49:11.190 +0300;Y;Телеком;1;2;Состоит в браке;Y;Среднее профессиональное;N;61;F
1228;2022-03-23 18:49:11.190 +0300;N;IT;5;5;Состоит в браке;N;Среднее;Y;28;F
1229;2022-03-23 18:49:11.190 +0300;Y;Добыча ископаемых;2;5;Состоит в браке;Y;Начальное;N;26;M
1230;2022-03-23 18:49:11.190 +0300;N;IT;1;3;Холост;Y;Среднее профессиональное;Y;37;M
1231;2022-03-23 18:49:11.190 +0300;Y;Банки;3;3;В разводе;N;Высшее;Y;20;F
1232;2022-03-23 18:49:11.190 +0300;Y;Медицина;4;1;Холост;N;Высшее;N;35;M
1233;2022-03-23 18:49:11.190 +0300;Y;Медицина;1;4;Состоит в браке;Y;Среднее профессиональное;N;21;F
1234;2022-03-23 18:49:11.190 +0300;Y;Добыча ископаемых;1;5;Холост;N;Высшее;N;59;M
1235;2022-03-23 18:49:11.190 +0300;N;Банки;5;5;Холост;Y;Высшее;N;50;F
1236;2022-03-23 18:49:11.190 +0300;N;Добыча ископаемых;5;4;В разводе;Y;Начальное;Y;20;M
1237;2022-03-23 18:49:11.190 +0300;N;Добыча ископаемых;5;4;В разводе;N;Среднее;N;52;M
1238;2022-03-23 18:49:11.190 +0300;N;Металлургия;4;5;Холост;Y;Высшее;N;53;F
1239;2022-03-23 18:49:11.190 +0300;Y;Телеком;3;0;Холост;Y;Высшее;N;35;M
1240;2022-03-23 18:49:11.190 +0300;Y;Добыча ископаемых;1;1;Состоит в браке;Y;Среднее профессиональное;N;43;F
1241;2022-03-23 18:49:11.190 +0300;Y;Банки;5;3;Холост;N;Начальное;Y;64;F
1242;2022-03-23 18:49:11.190 +0300;Y;Машиностроение;1;4;Холост;N;Начальное;N;23;M
1243;2022-03-23 18:49:11.190 +0300;Y;IT;5;5;Состоит в браке;N;Среднее;Y;60;F
1244;2022-03-23 18:49:11.190 +0300;Y;IT;3;3;Состоит в браке;N;Начальное;Y;22;F
1245;2022-03-23 18:49:11.190 +0300;Y;Машиностроение;5;2;В разводе;N;Высшее;N;19;F
1246;2022-03-23 18:49:11.190 +0300;N;Металлургия;4;4;В разводе;Y;Высшее;Y;62;M
1247;2022-03-23 18:49:11.190 +0300;N;Добыча ископаемых;5;3;В разводе;N;Начальное;Y;58;M
1248;2022-03-23 18:49:11.190 +0300;Y;IT;5;1;В разводе;Y;Среднее профессиональное;N;32;M
1249;2022-03-23 18:49:11.190 +0300;N;Телеком;4;1;В разводе;N;Среднее;Y;25;F
1250;2022-03-23 18:49:11.190 +0300;N;IT;3;5;Холост;Y;Среднее профессиональное;Y;25;M
1251;2022-03-23 18:49:11.190 +0300;Y;Телеком;1;1;Холост;Y;Начальное;Y;63;M
1252;2022-03-23 18:49:11.190 +0300;N;Машиностроение;5;0;В разводе;N;Среднее;N;46;M
1253;2022-03-23 18:49:11.190 +0300;N;Телеком;1;3;В разводе;Y;Среднее;Y;43;M
1254;2022-03-23 18:49:11.190 +0300;N;Машиностроение;4;2;Состоит в браке;Y;Высшее;N;59;M
1255;2022-03-23 18:49:11.190 +0300;Y;Телеком;4;1;Холост;Y;Среднее профессиональное;Y;47;F
1256;2022-03-23 18:49:11.190 +0300;N;IT;1;2;В разводе;N;Начальное;N;65;F
1257;2022-03-23 18:49:11.190 +0300;Y;IT;5;5;В разводе;N;Среднее;N;48;M
1258;2022-03-23 18:49:11.190 +0300;N;IT;1;1;Холост;Y;Среднее профессиональное;Y;38;F
1259;2022-03-23 18:49:11.190 +0300;Y;Телеком;4;3;Состоит в браке;N;Начальное;N;38;M
1260;2022-03-23 18:49:11.190 +0300;N;Добыча ископаемых;4;1;В разводе;Y;Среднее;Y;31;M
1261;2022-03-23 18:49:11.190 +0300;N;Телеком;2;5;Состоит в браке;Y;Среднее;Y;64;F
1262;2022-03-23 18:49:11.190 +0300;Y;Металлургия;3;5;Состоит в браке;Y;Высшее;Y;65;F
1263;2022-03-23 18:49:11.190 +0300;Y;Добыча ископаемых;5;4;В разводе;Y;Высшее;N;51;F
1264;2022-03-23 18:49:11.190 +0300;N;Банки;1;2;Состоит в браке;Y;Высшее;Y;57;M
1265;2022-03-23 18:49:11.190 +0300;Y;Металлургия;4;3;В разводе;N;Среднее профессиональное;Y;59;M
1266;2022-03-23 18:49:11.190 +0300;Y;Медицина;4;4;Состоит в браке;Y;Начальное;N;35;M
1267;2022-03-23 18:49:11.190 +0300;Y;Машиностроение;2;3;Состоит в браке;N;Начальное;Y;45;M
1268;2022-03-23 18:49:11.190 +0300;N;Машиностроение;1;3;Состоит в браке;Y;Начальное;N;41;F
1269;2022-03-23 18:49:11.190 +0300;Y;Медицина;3;3;Состоит в браке;Y;Среднее профессиональное;Y;21;F
1270;2022-03-23 18:49:11.190 +0300;N;Машиностроение;2;1;Состоит в браке;N;Среднее профессиональное;N;28;F
1271;2022-03-23 18:49:11.190 +0300;Y;Медицина;5;0;Состоит в браке;Y;Начальное;Y;34;F
1272;2022-03-23 18:49:11.190 +0300;N;IT;3;0;В разводе;Y;Высшее;N;35;F
1273;2022-03-23 18:49:11.190 +0300;Y;Банки;1;2;В разводе;N;Среднее профессиональное;Y;33;M
1274;2022-03-23 18:49:11.190 +0300;Y;Телеком;5;1;Состоит в браке;N;Среднее;N;45;F
1275;2022-03-23 18:49:11.190 +0300;N;Телеком;4;2;Холост;Y;Среднее профессиональное;Y;24;F
1276;2022-03-23 18:49:11.190 +0300;Y;Медицина;1;3;Холост;N;Среднее;Y;34;F
1277;2022-03-23 18:49:11.190 +0300;Y;Машиностроение;5;3;Состоит в браке;Y;Начальное;Y;48;F
1278;2022-03-23 18:49:11.190 +0300;Y;Медицина;3;0;Холост;N;Среднее;Y;20;F
1279;2022-03-23 18:49:11.190 +0300;Y;Металлургия;1;3;Состоит в браке;Y;Среднее;Y;26;F
1280;2022-03-23 18:49:11.190 +0300;Y;Добыча ископаемых;1;4;Холост;N;Среднее;N;50;F
1281;2022-03-23 18:49:11.190 +0300;N;Добыча ископаемых;5;5;В разводе;N;Высшее;Y;42;M
1282;2022-03-23 18:49:11.190 +0300;Y;Машиностроение;2;0;В разводе;Y;Высшее;Y;41;F
1283;2022-03-23 18:49:11.190 +0300;N;Телеком;5;4;В разводе;Y;Высшее;Y;46;M
1284;2022-03-23 18:49:11.190 +0300;N;Добыча ископаемых;5;0;Состоит в браке;Y;Среднее;Y;41;M
1285;2022-03-23 18:49:11.190 +0300;N;IT;1;1;В разводе;N;Среднее;N;23;M
1286;2022-03-23 18:49:11.190 +0300;Y;Телеком;5;5;В разводе;Y;Начальное;Y;48;F
1287;2022-03-23 18:49:11.190 +0300;Y;Банки;4;3;Состоит в браке;Y;Начальное;Y;18;F
1288;2022-03-23 18:49:11.190 +0300;Y;Медицина;2;3;В разводе;Y;Высшее;Y;59;M
1289;2022-03-23 18:49:11.190 +0300;N;Банки;1;1;Холост;Y;Начальное;Y;22;M
1290;2022-03-23 18:49:11.190 +0300;N;Металлургия;3;4;Состоит в браке;N;Среднее;Y;53;M
1291;2022-03-23 18:49:11.190 +0300;Y;Телеком;2;3;Холост;Y;Высшее;Y;32;M
1292;2022-03-23 18:49:11.190 +0300;Y;Добыча ископаемых;2;1;Холост;N;Высшее;N;20;M
1293;2022-03-23 18:49:11.190 +0300;Y;Телеком;1;0;Состоит в браке;N;Среднее профессиональное;N;53;F
1294;2022-03-23 18:49:11.190 +0300;N;Машиностроение;2;2;В разводе;Y;Высшее;Y;62;F
1295;2022-03-23 18:49:11.190 +0300;Y;Телеком;3;1;Холост;N;Среднее профессиональное;N;29;F
1296;2022-03-23 18:49:11.190 +0300;Y;Металлургия;5;1;В разводе;Y;Среднее профессиональное;N;56;M
1297;2022-03-23 18:49:11.190 +0300;N;Телеком;1;4;В разводе;N;Начальное;N;52;M
1298;2022-03-23 18:49:11.190 +0300;N;Медицина;1;4;Состоит в браке;Y;Начальное;Y;40;F
1299;2022-03-23 18:49:11.190 +0300;N;Медицина;4;4;Холост;Y;Среднее профессиональное;Y;28;M
1300;2022-03-23 18:49:11.190 +0300;N;Медицина;2;0;Холост;Y;Среднее профессиональное;N;35;F
1301;2022-03-23 18:49:11.190 +0300;N;Металлургия;3;5;Холост;N;Среднее профессиональное;N;45;M
1302;2022-03-23 18:49:11.190 +0300;Y;Медицина;2;3;Состоит в браке;Y;Среднее профессиональное;N;27;F
1303;2022-03-23 18:49:11.190 +0300;N;Машиностроение;5;5;Холост;Y;Среднее;Y;54;F
1304;2022-03-23 18:49:11.190 +0300;N;Добыча ископаемых;3;3;В разводе;Y;Среднее профессиональное;Y;43;F
1305;2022-03-23 18:49:11.190 +0300;N;Банки;4;2;Состоит в браке;Y;Среднее;N;60;F
1306;2022-03-23 18:49:11.190 +0300;N;Банки;1;4;Состоит в браке;Y;Высшее;Y;33;M
1307;2022-03-23 18:49:11.190 +0300;N;Банки;5;2;Холост;N;Среднее профессиональное;N;60;M
1308;2022-03-23 18:49:11.190 +0300;Y;Телеком;5;1;Состоит в браке;Y;Среднее;Y;39;F
1309;2022-03-23 18:49:11.190 +0300;N;Добыча ископаемых;1;2;В разводе;N;Среднее;N;28;F
1310;2022-03-23 18:49:11.190 +0300;Y;IT;4;0;Состоит в браке;N;Высшее;N;58;F
1311;2022-03-23 18:49:11.190 +0300;Y;Металлургия;5;5;Холост;Y;Начальное;N;46;M
1312;2022-03-23 18:49:11.190 +0300;Y;IT;1;1;Состоит в браке;Y;Высшее;N;33;M
1313;2022-03-23 18:49:11.190 +0300;N;Телеком;2;3;В разводе;Y;Начальное;N;41;M
1314;2022-03-23 18:49:11.190 +0300;N;Металлургия;3;0;Холост;N;Высшее;N;61;M
1315;2022-03-23 18:49:11.190 +0300;N;Добыча ископаемых;3;2;Холост;N;Начальное;Y;30;F
1316;2022-03-23 18:49:11.190 +0300;N;Медицина;5;2;В разводе;Y;Начальное;N;57;F
1317;2022-03-23 18:49:11.190 +0300;N;Машиностроение;2;3;Холост;Y;Среднее профессиональное;Y;20;F
1318;2022-03-23 18:49:11.190 +0300;N;Телеком;1;1;В разводе;N;Высшее;N;23;M
1319;2022-03-23 18:49:11.190 +0300;Y;Медицина;3;3;В разводе;Y;Среднее;N;57;M
1320;2022-03-23 18:49:11.190 +0300;N;IT;3;2;В разводе;Y;Среднее;N;21;F
1321;2022-03-23 18:49:11.190 +0300;N;IT;5;4;Состоит в браке;N;Начальное;Y;33;M
1322;2022-03-23 18:49:11.190 +0300;N;Медицина;4;1;В разводе;Y;Высшее;N;38;F
1323;2022-03-23 18:49:11.190 +0300;N;Медицина;4;0;В разводе;Y;Начальное;N;25;F
1324;2022-03-23 18:49:11.190 +0300;Y;Машиностроение;3;4;Холост;N;Высшее;N;63;F
1325;2022-03-23 18:49:11.190 +0300;Y;Добыча ископаемых;5;2;В разводе;Y;Среднее;N;43;M
1326;2022-03-23 18:49:11.190 +0300;Y;Металлургия;2;2;Холост;N;Начальное;N;56;M
1327;2022-03-23 18:49:11.190 +0300;N;Машиностроение;5;4;В разводе;N;Высшее;N;55;F
1328;2022-03-23 18:49:11.190 +0300;Y;Добыча ископаемых;4;0;В разводе;Y;Начальное;N;42;F
1329;2022-03-23 18:49:11.190 +0300;N;IT;3;5;В разводе;Y;Высшее;N;63;F
1330;2022-03-23 18:49:11.190 +0300;Y;Добыча ископаемых;2;1;Холост;Y;Начальное;N;23;F
1331;2022-03-23 18:49:11.190 +0300;Y;IT;2;1;В разводе;N;Начальное;N;64;F
1332;2022-03-23 18:49:11.190 +0300;Y;Банки;3;4;Холост;N;Среднее профессиональное;N;46;M
1333;2022-03-23 18:49:11.190 +0300;Y;Добыча ископаемых;2;2;Состоит в браке;N;Среднее профессиональное;Y;49;F
1334;2022-03-23 18:49:11.190 +0300;Y;Добыча ископаемых;4;5;Холост;Y;Высшее;Y;59;F
1335;2022-03-23 18:49:11.190 +0300;Y;Машиностроение;5;4;В разводе;N;Среднее профессиональное;Y;36;F
1336;2022-03-23 18:49:11.190 +0300;N;Телеком;3;5;Состоит в браке;Y;Среднее профессиональное;Y;43;M
1337;2022-03-23 18:49:11.190 +0300;N;IT;1;4;В разводе;Y;Среднее профессиональное;N;65;F
1338;2022-03-23 18:49:11.190 +0300;Y;Банки;2;4;Холост;N;Среднее профессиональное;Y;34;M
1339;2022-03-23 18:49:11.190 +0300;N;Телеком;5;4;Холост;Y;Высшее;N;38;F
1340;2022-03-23 18:49:11.190 +0300;Y;Медицина;3;5;Состоит в браке;Y;Среднее профессиональное;N;57;M
1341;2022-03-23 18:49:11.190 +0300;N;Добыча ископаемых;4;4;В разводе;N;Начальное;Y;62;F
1342;2022-03-23 18:49:11.190 +0300;Y;IT;5;3;Холост;Y;Начальное;Y;20;M
1343;2022-03-23 18:49:11.190 +0300;Y;Металлургия;4;4;Холост;N;Среднее профессиональное;Y;58;F
1344;2022-03-23 18:49:11.190 +0300;N;Банки;1;0;В разводе;Y;Начальное;Y;33;M
1345;2022-03-23 18:49:11.190 +0300;Y;Металлургия;1;4;Состоит в браке;N;Начальное;N;64;F
1346;2022-03-23 18:49:11.190 +0300;N;Телеком;5;0;Состоит в браке;Y;Начальное;Y;53;F
1347;2022-03-23 18:49:11.190 +0300;Y;Медицина;3;0;В разводе;Y;Среднее профессиональное;Y;18;M
1348;2022-03-23 18:49:11.190 +0300;Y;Машиностроение;2;1;В разводе;Y;Высшее;Y;21;M
1349;2022-03-23 18:49:11.190 +0300;Y;Машиностроение;1;5;В разводе;Y;Среднее профессиональное;N;22;F
1350;2022-03-23 18:49:11.190 +0300;N;Машиностроение;3;5;Состоит в браке;Y;Среднее;Y;46;M
1351;2022-03-23 18:49:11.190 +0300;N;Металлургия;5;4;В разводе;Y;Среднее;N;62;F
1352;2022-03-23 18:49:11.190 +0300;Y;Банки;1;2;В разводе;Y;Высшее;N;41;M
1353;2022-03-23 18:49:11.190 +0300;N;Добыча ископаемых;3;2;Холост;N;Среднее профессиональное;N;32;F
1354;2022-03-23 18:49:11.190 +0300;N;Банки;3;1;Холост;N;Среднее;N;42;F
1355;2022-03-23 18:49:11.190 +0300;Y;Телеком;1;4;В разводе;N;Высшее;Y;61;M
1356;2022-03-23 18:49:11.190 +0300;Y;Добыча ископаемых;4;1;В разводе;N;Среднее профессиональное;Y;57;M
1357;2022-03-23 18:49:11.190 +0300;N;Машиностроение;2;5;Состоит в браке;Y;Начальное;Y;55;F
1358;2022-03-23 18:49:11.190 +0300;Y;Банки;5;1;Состоит в браке;Y;Среднее;Y;54;F
1359;2022-03-23 18:49:11.190 +0300;Y;IT;4;1;В разводе;N;Среднее;Y;41;F
1360;2022-03-23 18:49:11.190 +0300;Y;Телеком;1;1;В разводе;N;Начальное;Y;56;M
1361;2022-03-23 18:49:11.190 +0300;N;Банки;4;3;Состоит в браке;N;Высшее;N;65;M
1362;2022-03-23 18:49:11.190 +0300;N;Металлургия;5;1;Холост;Y;Начальное;Y;53;M
1363;2022-03-23 18:49:11.190 +0300;N;IT;3;4;Состоит в браке;N;Начальное;Y;47;M
1364;2022-03-23 18:49:11.190 +0300;N;Металлургия;3;1;В разводе;Y;Начальное;N;53;F
1365;2022-03-23 18:49:11.190 +0300;N;Банки;4;0;Состоит в браке;Y;Начальное;Y;32;F
1366;2022-03-23 18:49:11.190 +0300;Y;IT;3;4;Холост;Y;Среднее;N;62;M
1367;2022-03-23 18:49:11.190 +0300;Y;Телеком;4;2;В разводе;N;Среднее;N;59;M
1368;2022-03-23 18:49:11.190 +0300;Y;Медицина;2;1;В разводе;N;Высшее;Y;21;M
1369;2022-03-23 18:49:11.190 +0300;N;IT;3;0;Состоит в браке;N;Начальное;N;35;F
1370;2022-03-23 18:49:11.190 +0300;Y;Телеком;1;1;Холост;Y;Среднее профессиональное;Y;50;F
1371;2022-03-23 18:49:11.190 +0300;Y;Добыча ископаемых;3;5;В разводе;Y;Высшее;N;40;F
1372;2022-03-23 18:49:11.190 +0300;N;Банки;5;0;В разводе;Y;Начальное;N;60;M
1373;2022-03-23 18:49:11.190 +0300;N;Банки;4;4;Состоит в браке;Y;Высшее;N;34;F
1374;2022-03-23 18:49:11.190 +0300;N;Металлургия;4;2;Холост;Y;Среднее;Y;48;M
1375;2022-03-23 18:49:11.190 +0300;Y;Медицина;4;2;Холост;N;Начальное;N;29;F
1376;2022-03-23 18:49:11.190 +0300;N;Металлургия;5;5;Состоит в браке;N;Среднее;Y;28;M
1377;2022-03-23 18:49:11.190 +0300;N;Банки;5;3;В разводе;N;Начальное;Y;49;F
1378;2022-03-23 18:49:11.190 +0300;Y;IT;2;3;Холост;N;Высшее;Y;31;M
1379;2022-03-23 18:49:11.190 +0300;N;IT;5;0;В разводе;Y;Среднее профессиональное;Y;42;M
1380;2022-03-23 18:49:11.190 +0300;N;Медицина;5;0;Холост;Y;Начальное;N;27;M
1381;2022-03-23 18:49:11.190 +0300;Y;Добыча ископаемых;3;2;Холост;Y;Среднее профессиональное;Y;32;M
1382;2022-03-23 18:49:11.190 +0300;N;Банки;3;0;Состоит в браке;Y;Среднее;Y;60;F
1383;2022-03-23 18:49:11.190 +0300;Y;IT;5;0;Холост;N;Среднее;N;29;F
1384;2022-03-23 18:49:11.190 +0300;Y;Медицина;2;1;Состоит в браке;N;Среднее;N;45;M
1385;2022-03-23 18:49:11.190 +0300;Y;IT;5;5;В разводе;Y;Начальное;N;64;F
1386;2022-03-23 18:49:11.190 +0300;N;Добыча ископаемых;5;5;Холост;N;Начальное;Y;54;M
1387;2022-03-23 18:49:11.190 +0300;N;Машиностроение;3;4;Холост;Y;Начальное;Y;29;F
1388;2022-03-23 18:49:11.190 +0300;N;Телеком;2;3;Состоит в браке;Y;Среднее профессиональное;Y;51;F
1389;2022-03-23 18:49:11.190 +0300;N;Машиностроение;1;2;Состоит в браке;N;Среднее профессиональное;N;49;F
1390;2022-03-23 18:49:11.190 +0300;Y;Телеком;2;0;Состоит в браке;Y;Среднее;N;44;F
1391;2022-03-23 18:49:11.190 +0300;N;Металлургия;2;2;Состоит в браке;N;Высшее;Y;20;M
1392;2022-03-23 18:49:11.190 +0300;N;Металлургия;1;0;Состоит в браке;N;Среднее профессиональное;Y;25;F
1393;2022-03-23 18:49:11.190 +0300;N;Телеком;4;2;Холост;Y;Среднее профессиональное;Y;44;F
1394;2022-03-23 18:49:11.190 +0300;N;Машиностроение;5;2;Холост;Y;Среднее;N;48;M
1395;2022-03-23 18:49:11.190 +0300;Y;Добыча ископаемых;5;2;В разводе;Y;Начальное;N;55;F
1396;2022-03-23 18:49:11.190 +0300;Y;Машиностроение;4;0;Состоит в браке;N;Начальное;Y;30;M
1397;2022-03-23 18:49:11.190 +0300;Y;Банки;1;3;В разводе;N;Среднее профессиональное;N;38;F
1398;2022-03-23 18:49:11.190 +0300;N;Металлургия;4;0;Холост;N;Среднее;Y;50;F
1399;2022-03-23 18:49:11.190 +0300;Y;Машиностроение;1;0;Состоит в браке;Y;Среднее;N;56;F
1400;2022-03-23 18:49:11.190 +0300;Y;Добыча ископаемых;3;2;В разводе;N;Среднее профессиональное;N;47;F
1401;2022-03-23 18:49:11.190 +0300;N;Добыча ископаемых;1;3;Состоит в браке;N;Начальное;N;20;M
1402;2022-03-23 18:49:11.190 +0300;Y;Телеком;5;5;Холост;N;Начальное;N;44;M
1403;2022-03-23 18:49:11.190 +0300;Y;Металлургия;1;3;Состоит в браке;N;Среднее;N;58;F
1404;2022-03-23 18:49:11.190 +0300;N;Машиностроение;1;4;Состоит в браке;Y;Среднее;N;32;F
1405;2022-03-23 18:49:11.190 +0300;N;Добыча ископаемых;2;5;В разводе;N;Среднее профессиональное;Y;50;M
1406;2022-03-23 18:49:11.190 +0300;N;IT;4;0;В разводе;Y;Высшее;Y;31;M
1407;2022-03-23 18:49:11.190 +0300;N;Медицина;3;1;Холост;N;Среднее;N;52;F
1408;2022-03-23 18:49:11.190 +0300;N;Металлургия;1;5;В разводе;N;Начальное;Y;52;M
1409;2022-03-23 18:49:11.190 +0300;Y;IT;1;3;Холост;Y;Среднее;Y;56;F
1410;2022-03-23 18:49:11.190 +0300;N;Телеком;4;1;В разводе;N;Среднее профессиональное;N;31;F
1411;2022-03-23 18:49:11.190 +0300;N;Банки;5;5;Холост;N;Высшее;Y;18;M
1412;2022-03-23 18:49:11.190 +0300;Y;Телеком;1;5;В разводе;Y;Среднее профессиональное;Y;28;M
1413;2022-03-23 18:49:11.190 +0300;Y;Телеком;4;3;Состоит в браке;N;Высшее;Y;26;F
1414;2022-03-23 18:49:11.190 +0300;Y;Металлургия;3;1;В разводе;N;Высшее;Y;25;M
1415;2022-03-23 18:49:11.190 +0300;N;Банки;5;5;Холост;N;Начальное;Y;44;F
1416;2022-03-23 18:49:11.190 +0300;N;IT;2;2;Состоит в браке;Y;Среднее;Y;48;M
1417;2022-03-23 18:49:11.190 +0300;N;Машиностроение;2;0;Состоит в браке;Y;Начальное;N;48;M
1418;2022-03-23 18:49:11.190 +0300;N;IT;1;1;Состоит в браке;Y;Начальное;Y;54;M
1419;2022-03-23 18:49:11.190 +0300;N;Машиностроение;4;2;Холост;Y;Начальное;N;45;F
1420;2022-03-23 18:49:11.190 +0300;Y;Машиностроение;1;0;В разводе;Y;Начальное;N;47;M
1421;2022-03-23 18:49:11.190 +0300;Y;IT;1;1;Холост;Y;Среднее профессиональное;Y;59;F
1422;2022-03-23 18:49:11.190 +0300;Y;Банки;3;0;Холост;Y;Среднее;N;63;M
1423;2022-03-23 18:49:11.190 +0300;Y;Банки;3;2;Состоит в браке;Y;Среднее профессиональное;N;31;M
1424;2022-03-23 18:49:11.190 +0300;N;Медицина;5;2;В разводе;Y;Высшее;N;43;F
1425;2022-03-23 18:49:11.190 +0300;N;Машиностроение;3;2;В разводе;N;Среднее;N;38;F
1426;2022-03-23 18:49:11.190 +0300;N;Добыча ископаемых;5;5;В разводе;Y;Среднее;Y;62;F
1427;2022-03-23 18:49:11.190 +0300;N;Банки;3;3;Холост;N;Среднее;N;65;F
1428;2022-03-23 18:49:11.190 +0300;Y;Добыча ископаемых;1;5;Холост;Y;Среднее;Y;32;F
1429;2022-03-23 18:49:11.190 +0300;Y;Машиностроение;5;0;Состоит в браке;N;Среднее профессиональное;N;44;M
1430;2022-03-23 18:49:11.190 +0300;N;Банки;4;2;Холост;Y;Начальное;N;30;M
1431;2022-03-23 18:49:11.190 +0300;N;Медицина;1;3;Холост;N;Начальное;Y;57;F
1432;2022-03-23 18:49:11.190 +0300;Y;Телеком;5;0;В разводе;Y;Высшее;N;24;F
1433;2022-03-23 18:49:11.190 +0300;Y;Машиностроение;5;1;В разводе;N;Высшее;Y;50;F
1434;2022-03-23 18:49:11.190 +0300;Y;Банки;2;1;В разводе;N;Высшее;Y;58;M
1435;2022-03-23 18:49:11.190 +0300;N;IT;1;0;Состоит в браке;N;Среднее;N;23;M
1436;2022-03-23 18:49:11.190 +0300;N;Металлургия;3;1;В разводе;Y;Начальное;Y;51;M
1437;2022-03-23 18:49:11.190 +0300;Y;IT;4;0;Состоит в браке;Y;Начальное;N;29;M
1438;2022-03-23 18:49:11.190 +0300;Y;Машиностроение;1;1;Состоит в браке;Y;Среднее профессиональное;Y;20;M
1439;2022-03-23 18:49:11.190 +0300;Y;Телеком;1;0;Состоит в браке;N;Начальное;N;33;F
1440;2022-03-23 18:49:11.190 +0300;N;Телеком;3;1;Состоит в браке;Y;Начальное;Y;54;M
1441;2022-03-23 18:49:11.190 +0300;Y;Банки;5;0;Холост;N;Высшее;Y;46;M
1442;2022-03-23 18:49:11.190 +0300;Y;Медицина;4;4;Холост;N;Среднее профессиональное;N;18;M
1443;2022-03-23 18:49:11.190 +0300;Y;Добыча ископаемых;4;1;В разводе;N;Среднее профессиональное;Y;38;M
1444;2022-03-23 18:49:11.190 +0300;Y;Медицина;3;2;Состоит в браке;Y;Начальное;N;65;M
1445;2022-03-23 18:49:11.190 +0300;N;IT;1;3;Холост;N;Среднее;Y;56;F
1446;2022-03-23 18:49:11.190 +0300;N;Телеком;2;4;В разводе;N;Начальное;N;18;M
1447;2022-03-23 18:49:11.190 +0300;N;Машиностроение;2;1;В разводе;N;Среднее;N;48;F
1448;2022-03-23 18:49:11.190 +0300;Y;Медицина;5;4;Состоит в браке;Y;Высшее;N;29;M
1449;2022-03-23 18:49:11.190 +0300;N;Добыча ископаемых;5;1;Состоит в браке;Y;Среднее профессиональное;N;65;F
1450;2022-03-23 18:49:11.190 +0300;Y;Банки;1;4;В разводе;N;Начальное;N;21;M
1451;2022-03-23 18:49:11.190 +0300;N;Машиностроение;4;2;В разводе;N;Среднее профессиональное;Y;49;M
1452;2022-03-23 18:49:11.190 +0300;N;IT;4;1;В разводе;N;Высшее;Y;59;M
1453;2022-03-23 18:49:11.190 +0300;Y;Добыча ископаемых;4;0;Состоит в браке;N;Среднее;Y;43;M
1454;2022-03-23 18:49:11.190 +0300;Y;Медицина;1;3;Холост;Y;Среднее;N;47;M
1455;2022-03-23 18:49:11.190 +0300;N;IT;3;0;Холост;Y;Среднее профессиональное;Y;44;F
1456;2022-03-23 18:49:11.190 +0300;Y;Телеком;2;3;В разводе;N;Среднее профессиональное;Y;34;M
1457;2022-03-23 18:49:11.190 +0300;N;Металлургия;2;1;В разводе;Y;Среднее;N;48;M
1458;2022-03-23 18:49:11.190 +0300;Y;Машиностроение;3;4;Холост;Y;Высшее;N;40;M
1459;2022-03-23 18:49:11.190 +0300;Y;Телеком;5;4;Холост;N;Начальное;Y;25;F
1460;2022-03-23 18:49:11.190 +0300;Y;IT;3;2;В разводе;Y;Начальное;N;25;M
1461;2022-03-23 18:49:11.190 +0300;Y;Металлургия;1;5;Холост;Y;Начальное;N;37;F
1462;2022-03-23 18:49:11.190 +0300;N;Добыча ископаемых;4;2;Состоит в браке;N;Начальное;Y;64;M
1463;2022-03-23 18:49:11.190 +0300;Y;Металлургия;3;1;Холост;N;Высшее;N;55;F
1464;2022-03-23 18:49:11.190 +0300;Y;Добыча ископаемых;1;3;Холост;N;Среднее профессиональное;N;42;M
1465;2022-03-23 18:49:11.190 +0300;N;Добыча ископаемых;2;4;Холост;N;Высшее;Y;51;F
1466;2022-03-23 18:49:11.190 +0300;Y;Металлургия;5;5;В разводе;Y;Среднее;Y;42;M
1467;2022-03-23 18:49:11.190 +0300;N;Банки;1;2;Состоит в браке;N;Среднее профессиональное;Y;24;M
1468;2022-03-23 18:49:11.190 +0300;N;IT;4;3;В разводе;Y;Высшее;N;18;M
1469;2022-03-23 18:49:11.190 +0300;Y;Машиностроение;4;2;В разводе;N;Среднее профессиональное;Y;22;F
1470;2022-03-23 18:49:11.190 +0300;N;Добыча ископаемых;5;5;В разводе;N;Начальное;N;56;F
1471;2022-03-23 18:49:11.190 +0300;N;Машиностроение;5;3;В разводе;Y;Среднее;Y;40;F
1472;2022-03-23 18:49:11.190 +0300;N;Машиностроение;2;5;Состоит в браке;Y;Начальное;N;48;M
1473;2022-03-23 18:49:11.190 +0300;N;Медицина;3;3;В разводе;Y;Начальное;Y;56;F
1474;2022-03-23 18:49:11.190 +0300;Y;Медицина;1;0;Холост;N;Высшее;Y;53;F
1475;2022-03-23 18:49:11.190 +0300;Y;Добыча ископаемых;3;4;В разводе;N;Среднее;Y;56;M
1476;2022-03-23 18:49:11.190 +0300;Y;IT;1;0;В разводе;N;Среднее;N;24;M
1477;2022-03-23 18:49:11.190 +0300;Y;Машиностроение;5;4;Состоит в браке;Y;Начальное;Y;48;M
1478;2022-03-23 18:49:11.190 +0300;Y;IT;2;0;Состоит в браке;N;Среднее;N;19;M
1479;2022-03-23 18:49:11.190 +0300;N;Телеком;4;0;Состоит в браке;Y;Начальное;N;42;M
1480;2022-03-23 18:49:11.190 +0300;N;Машиностроение;3;1;Холост;Y;Среднее;N;47;M
1481;2022-03-23 18:49:11.190 +0300;N;Добыча ископаемых;4;2;Состоит в браке;Y;Среднее профессиональное;N;65;M
1482;2022-03-23 18:49:11.190 +0300;Y;Банки;3;5;Холост;N;Среднее;Y;58;M
1483;2022-03-23 18:49:11.190 +0300;N;Банки;5;3;В разводе;N;Начальное;Y;22;F
1484;2022-03-23 18:49:11.190 +0300;Y;Металлургия;3;5;В разводе;Y;Начальное;N;29;F
1485;2022-03-23 18:49:11.190 +0300;N;Медицина;2;3;В разводе;N;Начальное;Y;25;M
1486;2022-03-23 18:49:11.190 +0300;N;Медицина;5;0;В разводе;N;Высшее;N;48;F
1487;2022-03-23 18:49:11.190 +0300;N;Медицина;1;2;Холост;N;Высшее;Y;21;M
1488;2022-03-23 18:49:11.190 +0300;N;Медицина;5;2;В разводе;N;Среднее;N;43;F
1489;2022-03-23 18:49:11.190 +0300;Y;Медицина;4;4;Холост;N;Среднее;Y;22;F
1490;2022-03-23 18:49:11.190 +0300;Y;IT;4;4;Холост;Y;Среднее;Y;23;M
1491;2022-03-23 18:49:11.190 +0300;Y;Банки;2;5;Состоит в браке;Y;Высшее;Y;56;M
1492;2022-03-23 18:49:11.190 +0300;N;IT;3;5;В разводе;Y;Среднее профессиональное;N;63;M
1493;2022-03-23 18:49:11.190 +0300;N;Медицина;1;4;В разводе;N;Высшее;N;18;F
1494;2022-03-23 18:49:11.190 +0300;Y;IT;2;1;Холост;Y;Среднее;Y;30;F
1495;2022-03-23 18:49:11.190 +0300;N;IT;2;3;Холост;N;Начальное;N;32;M
1496;2022-03-23 18:49:11.190 +0300;N;Медицина;5;4;Холост;Y;Среднее;Y;52;F
1497;2022-03-23 18:49:11.190 +0300;N;IT;1;3;В разводе;N;Среднее;N;31;F
1498;2022-03-23 18:49:11.190 +0300;Y;Добыча ископаемых;2;5;Состоит в браке;Y;Среднее;Y;29;M
1499;2022-03-23 18:49:11.190 +0300;Y;IT;3;2;Состоит в браке;Y;Среднее;N;55;M
1500;2022-03-23 18:49:11.190 +0300;N;Телеком;3;1;В разводе;N;Среднее;Y;33;M
1501;2022-03-23 18:49:11.190 +0300;N;IT;1;5;В разводе;Y;Среднее;N;45;F
1502;2022-03-23 18:49:11.190 +0300;Y;Добыча ископаемых;2;0;В разводе;N;Высшее;N;38;M
1503;2022-03-23 18:49:11.190 +0300;N;Банки;1;2;Холост;N;Высшее;Y;32;F
1504;2022-03-23 18:49:11.190 +0300;Y;Машиностроение;1;3;В разводе;Y;Начальное;Y;22;F
1505;2022-03-23 18:49:11.190 +0300;Y;Металлургия;5;1;Состоит в браке;N;Начальное;N;32;M
1506;2022-03-23 18:49:11.190 +0300;N;Медицина;3;5;Холост;N;Среднее;Y;58;M
1507;2022-03-23 18:49:11.190 +0300;Y;Банки;5;4;Состоит в браке;Y;Начальное;Y;25;M
1508;2022-03-23 18:49:11.190 +0300;Y;Машиностроение;2;2;Холост;Y;Начальное;Y;39;F
1509;2022-03-23 18:49:11.190 +0300;Y;Банки;2;2;В разводе;Y;Начальное;Y;22;F
1510;2022-03-23 18:49:11.190 +0300;Y;Банки;2;2;Холост;N;Среднее;Y;32;M
1511;2022-03-23 18:49:11.190 +0300;N;Телеком;3;5;В разводе;Y;Высшее;Y;59;M
1512;2022-03-23 18:49:11.190 +0300;N;Металлургия;5;1;В разводе;N;Начальное;Y;40;M
1513;2022-03-23 18:49:11.190 +0300;N;Медицина;2;3;Состоит в браке;N;Среднее;Y;28;M
1514;2022-03-23 18:49:11.190 +0300;Y;Добыча ископаемых;4;1;Холост;N;Начальное;Y;63;F
1515;2022-03-23 18:49:11.190 +0300;Y;Машиностроение;1;5;Состоит в браке;N;Среднее профессиональное;N;40;F
1516;2022-03-23 18:49:11.190 +0300;Y;Медицина;3;1;В разводе;N;Среднее;N;38;F
1517;2022-03-23 18:49:11.190 +0300;N;Банки;5;4;В разводе;Y;Среднее профессиональное;N;41;F
1518;2022-03-23 18:49:11.190 +0300;Y;Медицина;1;3;Холост;Y;Среднее;N;53;F
1519;2022-03-23 18:49:11.190 +0300;N;IT;1;4;Холост;Y;Среднее;N;22;M
1520;2022-03-23 18:49:11.190 +0300;N;Телеком;1;5;Состоит в браке;N;Среднее профессиональное;Y;45;M
1521;2022-03-23 18:49:11.190 +0300;N;Банки;4;5;В разводе;N;Высшее;Y;44;M
1522;2022-03-23 18:49:11.190 +0300;N;Медицина;4;0;Состоит в браке;N;Среднее профессиональное;N;55;M
1523;2022-03-23 18:49:11.190 +0300;N;Добыча ископаемых;2;5;Холост;N;Высшее;Y;26;F
1524;2022-03-23 18:49:11.190 +0300;Y;Металлургия;2;0;Холост;Y;Высшее;Y;25;M
1525;2022-03-23 18:49:11.190 +0300;N;Телеком;5;4;В разводе;N;Высшее;N;61;F
1526;2022-03-23 18:49:11.190 +0300;Y;Банки;2;0;В разводе;N;Высшее;Y;27;M
1527;2022-03-23 18:49:11.190 +0300;Y;Медицина;3;4;Состоит в браке;N;Среднее профессиональное;N;41;F
1528;2022-03-23 18:49:11.190 +0300;N;Металлургия;1;4;В разводе;Y;Высшее;Y;65;M
1529;2022-03-23 18:49:11.190 +0300;N;Машиностроение;3;1;В разводе;Y;Высшее;Y;53;M
1530;2022-03-23 18:49:11.190 +0300;N;Телеком;3;4;Состоит в браке;Y;Среднее профессиональное;Y;55;M
1531;2022-03-23 18:49:11.190 +0300;Y;Металлургия;1;4;Состоит в браке;Y;Начальное;Y;43;M
1532;2022-03-23 18:49:11.190 +0300;N;Банки;5;5;В разводе;N;Среднее профессиональное;N;35;M
1533;2022-03-23 18:49:11.190 +0300;Y;Машиностроение;1;5;Холост;Y;Среднее;N;32;F
1534;2022-03-23 18:49:11.190 +0300;N;IT;4;3;В разводе;N;Высшее;Y;37;M
1535;2022-03-23 18:49:11.190 +0300;N;Машиностроение;4;5;В разводе;Y;Высшее;N;34;F
1536;2022-03-23 18:49:11.190 +0300;Y;Металлургия;5;5;Состоит в браке;Y;Высшее;N;50;M
1537;2022-03-23 18:49:11.190 +0300;Y;Металлургия;4;2;Состоит в браке;N;Среднее профессиональное;N;31;M
1538;2022-03-23 18:49:11.190 +0300;Y;Машиностроение;4;3;Состоит в браке;N;Среднее;N;43;M
1539;2022-03-23 18:49:11.190 +0300;N;Металлургия;4;5;Холост;Y;Среднее профессиональное;Y;19;F
1540;2022-03-23 18:49:11.190 +0300;Y;Банки;1;5;В разводе;N;Среднее профессиональное;N;28;F
1541;2022-03-23 18:49:11.190 +0300;Y;Медицина;3;3;В разводе;N;Среднее профессиональное;N;33;M
1542;2022-03-23 18:49:11.190 +0300;N;Медицина;1;0;Холост;N;Высшее;Y;54;M
1543;2022-03-23 18:49:11.190 +0300;Y;Медицина;1;2;Холост;Y;Высшее;Y;65;M
1544;2022-03-23 18:49:11.190 +0300;N;Медицина;2;4;Холост;Y;Начальное;N;23;M
1545;2022-03-23 18:49:11.190 +0300;N;Добыча ископаемых;2;3;Холост;N;Среднее;Y;43;F
1546;2022-03-23 18:49:11.190 +0300;N;Телеком;4;5;В разводе;Y;Среднее профессиональное;N;50;F
1547;2022-03-23 18:49:11.190 +0300;N;Банки;1;3;Холост;N;Среднее профессиональное;Y;60;M
1548;2022-03-23 18:49:11.190 +0300;N;Телеком;5;4;В разводе;N;Высшее;Y;43;F
1549;2022-03-23 18:49:11.190 +0300;Y;IT;1;2;Состоит в браке;N;Среднее;Y;45;F
1550;2022-03-23 18:49:11.190 +0300;Y;Банки;3;1;В разводе;Y;Высшее;Y;63;M
1551;2022-03-23 18:49:11.190 +0300;N;Добыча ископаемых;5;4;Холост;N;Среднее профессиональное;Y;38;M
1552;2022-03-23 18:49:11.190 +0300;Y;Металлургия;4;3;Холост;Y;Начальное;N;45;M
1553;2022-03-23 18:49:11.190 +0300;Y;Телеком;2;5;Состоит в браке;N;Среднее;Y;44;F
1554;2022-03-23 18:49:11.190 +0300;Y;Телеком;5;1;В разводе;Y;Начальное;N;53;F
1555;2022-03-23 18:49:11.190 +0300;Y;Металлургия;1;3;Холост;N;Среднее;Y;18;M
1556;2022-03-23 18:49:11.190 +0300;Y;Машиностроение;5;0;В разводе;N;Начальное;N;24;M
1557;2022-03-23 18:49:11.190 +0300;N;Телеком;5;0;Холост;N;Высшее;Y;51;M
1558;2022-03-23 18:49:11.190 +0300;Y;Добыча ископаемых;2;4;В разводе;N;Начальное;Y;61;F
1559;2022-03-23 18:49:11.190 +0300;Y;Машиностроение;2;0;Состоит в браке;Y;Высшее;Y;36;F
1560;2022-03-23 18:49:11.190 +0300;N;Металлургия;5;1;Холост;N;Среднее;Y;50;F
1561;2022-03-23 18:49:11.190 +0300;N;Добыча ископаемых;2;3;Состоит в браке;N;Среднее;Y;33;M
1562;2022-03-23 18:49:11.190 +0300;Y;Машиностроение;2;5;Холост;Y;Среднее;Y;55;F
1563;2022-03-23 18:49:11.190 +0300;N;Медицина;4;3;В разводе;Y;Среднее;Y;47;M
1564;2022-03-23 18:49:11.190 +0300;Y;Добыча ископаемых;5;3;Состоит в браке;Y;Среднее;N;49;M
1565;2022-03-23 18:49:11.190 +0300;Y;Добыча ископаемых;4;2;В разводе;N;Высшее;N;29;M
1566;2022-03-23 18:49:11.190 +0300;Y;Машиностроение;2;1;Состоит в браке;N;Высшее;Y;53;M
1567;2022-03-23 18:49:11.190 +0300;Y;Банки;1;3;В разводе;Y;Среднее профессиональное;N;58;M
1568;2022-03-23 18:49:11.190 +0300;N;Банки;5;0;Состоит в браке;Y;Среднее профессиональное;N;49;M
1569;2022-03-23 18:49:11.190 +0300;N;Добыча ископаемых;4;4;Холост;Y;Среднее профессиональное;N;55;M
1570;2022-03-23 18:49:11.190 +0300;Y;Машиностроение;4;4;Состоит в браке;Y;Среднее;Y;30;F
1571;2022-03-23 18:49:11.190 +0300;N;Банки;4;4;Холост;N;Среднее профессиональное;Y;56;M
1572;2022-03-23 18:49:11.190 +0300;N;Машиностроение;5;3;Холост;Y;Среднее;Y;43;F
1573;2022-03-23 18:49:11.190 +0300;Y;Машиностроение;1;2;Состоит в браке;N;Высшее;Y;23;M
1574;2022-03-23 18:49:11.190 +0300;Y;Медицина;4;0;Состоит в браке;Y;Начальное;N;59;M
1575;2022-03-23 18:49:11.190 +0300;N;Добыча ископаемых;3;0;Состоит в браке;N;Среднее;Y;22;F
1576;2022-03-23 18:49:11.190 +0300;N;Медицина;4;4;Холост;Y;Высшее;Y;22;M
1577;2022-03-23 18:49:11.190 +0300;N;Медицина;5;1;В разводе;N;Среднее;Y;52;F
1578;2022-03-23 18:49:11.190 +0300;N;Машиностроение;2;1;Холост;N;Начальное;N;57;M
1579;2022-03-23 18:49:11.190 +0300;N;Банки;4;0;Холост;N;Среднее профессиональное;N;57;M
1580;2022-03-23 18:49:11.190 +0300;N;Добыча ископаемых;1;1;Состоит в браке;Y;Среднее профессиональное;Y;57;F
1581;2022-03-23 18:49:11.190 +0300;Y;Телеком;4;4;Состоит в браке;Y;Высшее;Y;25;M
1582;2022-03-23 18:49:11.190 +0300;Y;Машиностроение;3;1;Холост;N;Высшее;Y;36;M
1583;2022-03-23 18:49:11.190 +0300;Y;Банки;5;1;Состоит в браке;N;Высшее;Y;29;F
1584;2022-03-23 18:49:11.190 +0300;N;Медицина;2;4;Состоит в браке;N;Начальное;N;32;F
1585;2022-03-23 18:49:11.190 +0300;Y;Телеком;4;3;Состоит в браке;N;Высшее;N;57;F
1586;2022-03-23 18:49:11.190 +0300;N;IT;4;3;Состоит в браке;Y;Среднее;N;40;M
1587;2022-03-23 18:49:11.190 +0300;Y;IT;5;5;В разводе;Y;Среднее;Y;34;M
1588;2022-03-23 18:49:11.190 +0300;Y;Банки;4;4;Холост;N;Среднее профессиональное;N;38;M
1610;2022-03-23 18:49:11.190 +0300;Y;Телеком;3;5;В разводе;Y;Среднее;Y;57;F
1589;2022-03-23 18:49:11.190 +0300;Y;Банки;3;5;В разводе;N;Среднее профессиональное;Y;57;M
1590;2022-03-23 18:49:11.190 +0300;N;Добыча ископаемых;1;5;Холост;Y;Среднее;Y;24;F
1591;2022-03-23 18:49:11.190 +0300;Y;Медицина;3;5;Холост;N;Высшее;Y;52;F
1592;2022-03-23 18:49:11.190 +0300;N;Машиностроение;1;1;Состоит в браке;N;Начальное;N;37;F
1593;2022-03-23 18:49:11.190 +0300;Y;Телеком;1;5;Состоит в браке;Y;Среднее профессиональное;Y;20;F
1594;2022-03-23 18:49:11.190 +0300;Y;Добыча ископаемых;4;2;Состоит в браке;Y;Среднее профессиональное;N;41;M
1595;2022-03-23 18:49:11.190 +0300;Y;Банки;1;1;В разводе;Y;Среднее;N;58;F
1596;2022-03-23 18:49:11.190 +0300;Y;Телеком;3;0;Состоит в браке;N;Высшее;Y;57;F
1597;2022-03-23 18:49:11.190 +0300;N;Металлургия;3;2;Состоит в браке;Y;Среднее профессиональное;N;48;F
1598;2022-03-23 18:49:11.190 +0300;N;IT;2;2;Холост;Y;Начальное;N;33;M
1599;2022-03-23 18:49:11.190 +0300;Y;Добыча ископаемых;1;2;Холост;Y;Начальное;N;49;M
1600;2022-03-23 18:49:11.190 +0300;N;Металлургия;3;2;В разводе;N;Среднее профессиональное;N;47;M
1601;2022-03-23 18:49:11.190 +0300;N;IT;5;5;Состоит в браке;Y;Начальное;N;61;F
1602;2022-03-23 18:49:11.190 +0300;Y;Телеком;1;4;Холост;N;Высшее;N;44;F
1603;2022-03-23 18:49:11.190 +0300;N;IT;3;2;Состоит в браке;N;Среднее;N;25;M
1604;2022-03-23 18:49:11.190 +0300;Y;Машиностроение;4;3;В разводе;Y;Среднее;N;58;M
1605;2022-03-23 18:49:11.190 +0300;Y;Добыча ископаемых;2;4;Холост;N;Начальное;Y;22;F
1606;2022-03-23 18:49:11.190 +0300;N;Машиностроение;5;0;Состоит в браке;N;Среднее профессиональное;Y;18;F
1607;2022-03-23 18:49:11.190 +0300;N;Металлургия;4;5;В разводе;Y;Среднее профессиональное;N;56;F
1608;2022-03-23 18:49:11.190 +0300;N;Машиностроение;3;3;Состоит в браке;Y;Среднее;Y;37;F
1609;2022-03-23 18:49:11.190 +0300;Y;Машиностроение;3;2;В разводе;Y;Среднее профессиональное;N;56;M
1611;2022-03-23 18:49:11.190 +0300;N;Телеком;3;4;В разводе;Y;Начальное;Y;65;F
1612;2022-03-23 18:49:11.190 +0300;N;Машиностроение;1;0;В разводе;N;Начальное;N;46;F
1613;2022-03-23 18:49:11.190 +0300;N;Банки;2;4;В разводе;Y;Высшее;N;22;M
1614;2022-03-23 18:49:11.190 +0300;N;IT;4;1;Состоит в браке;Y;Высшее;Y;36;M
1615;2022-03-23 18:49:11.190 +0300;Y;Металлургия;4;4;Холост;N;Начальное;Y;40;M
1616;2022-03-23 18:49:11.190 +0300;Y;Добыча ископаемых;1;3;Состоит в браке;N;Высшее;Y;51;F
1617;2022-03-23 18:49:11.190 +0300;Y;IT;4;4;Состоит в браке;N;Начальное;N;19;F
1618;2022-03-23 18:49:11.190 +0300;Y;Телеком;2;4;В разводе;N;Высшее;Y;54;M
1619;2022-03-23 18:49:11.190 +0300;N;Медицина;3;2;Состоит в браке;Y;Среднее профессиональное;N;64;F
1620;2022-03-23 18:49:11.190 +0300;N;Банки;4;4;Состоит в браке;Y;Среднее;Y;65;F
1621;2022-03-23 18:49:11.190 +0300;N;IT;5;4;Холост;N;Начальное;N;39;F
1622;2022-03-23 18:49:11.190 +0300;N;Медицина;1;2;Холост;Y;Высшее;N;57;M
1623;2022-03-23 18:49:11.190 +0300;N;Машиностроение;3;5;Холост;N;Среднее;Y;55;F
1624;2022-03-23 18:49:11.190 +0300;N;Металлургия;3;2;В разводе;Y;Высшее;N;19;F
1625;2022-03-23 18:49:11.190 +0300;N;Добыча ископаемых;3;1;Холост;N;Среднее профессиональное;N;43;M
1626;2022-03-23 18:49:11.190 +0300;Y;Телеком;4;0;Холост;N;Среднее;N;40;M
1627;2022-03-23 18:49:11.190 +0300;N;Металлургия;2;0;Холост;Y;Высшее;Y;46;F
1628;2022-03-23 18:49:11.190 +0300;N;Добыча ископаемых;4;0;В разводе;N;Начальное;Y;45;M
1629;2022-03-23 18:49:11.190 +0300;N;Банки;3;4;Состоит в браке;N;Среднее профессиональное;Y;38;F
1630;2022-03-23 18:49:11.190 +0300;Y;IT;2;4;Состоит в браке;Y;Высшее;Y;23;F
1631;2022-03-23 18:49:11.190 +0300;N;Телеком;4;3;В разводе;N;Среднее профессиональное;Y;20;F
1632;2022-03-23 18:49:11.190 +0300;Y;IT;2;4;Холост;N;Начальное;Y;43;F
1633;2022-03-23 18:49:11.190 +0300;Y;Добыча ископаемых;3;0;Холост;N;Начальное;Y;60;M
1634;2022-03-23 18:49:11.190 +0300;Y;Банки;3;4;В разводе;Y;Начальное;Y;28;F
1635;2022-03-23 18:49:11.190 +0300;Y;Телеком;2;4;Состоит в браке;N;Начальное;Y;59;F
1636;2022-03-23 18:49:11.190 +0300;Y;Медицина;4;5;В разводе;N;Среднее профессиональное;N;34;F
1637;2022-03-23 18:49:11.190 +0300;N;IT;1;5;В разводе;Y;Начальное;N;45;M
1638;2022-03-23 18:49:11.190 +0300;Y;Машиностроение;5;0;Холост;Y;Высшее;Y;22;M
1639;2022-03-23 18:49:11.190 +0300;Y;Добыча ископаемых;5;4;В разводе;Y;Высшее;N;56;M
1640;2022-03-23 18:49:11.190 +0300;N;Машиностроение;1;0;Холост;N;Среднее;N;57;M
1641;2022-03-23 18:49:11.190 +0300;Y;Машиностроение;1;2;В разводе;N;Среднее профессиональное;Y;52;M
1642;2022-03-23 18:49:11.190 +0300;N;Машиностроение;4;5;Состоит в браке;Y;Высшее;Y;35;F
1643;2022-03-23 18:49:11.190 +0300;N;Телеком;5;1;Холост;Y;Среднее;N;21;M
1644;2022-03-23 18:49:11.190 +0300;N;Телеком;5;2;Холост;Y;Среднее;N;24;F
1645;2022-03-23 18:49:11.190 +0300;Y;Добыча ископаемых;4;5;Холост;N;Среднее;N;23;M
1646;2022-03-23 18:49:11.190 +0300;N;Металлургия;4;1;Состоит в браке;Y;Высшее;N;24;F
1647;2022-03-23 18:49:11.190 +0300;Y;Машиностроение;3;3;В разводе;N;Высшее;N;54;M
1648;2022-03-23 18:49:11.190 +0300;N;Телеком;1;2;В разводе;Y;Среднее;N;33;M
1649;2022-03-23 18:49:11.190 +0300;Y;Телеком;2;4;В разводе;N;Среднее;Y;45;F
1650;2022-03-23 18:49:11.190 +0300;Y;Машиностроение;3;5;Холост;N;Среднее профессиональное;N;30;F
1651;2022-03-23 18:49:11.190 +0300;N;Телеком;5;2;Состоит в браке;Y;Среднее профессиональное;N;56;M
1652;2022-03-23 18:49:11.190 +0300;N;Медицина;1;0;Холост;Y;Высшее;N;23;F
1653;2022-03-23 18:49:11.190 +0300;N;Машиностроение;3;5;В разводе;Y;Среднее профессиональное;N;34;M
1654;2022-03-23 18:49:11.190 +0300;N;Телеком;4;3;Холост;N;Высшее;N;31;F
1655;2022-03-23 18:49:11.190 +0300;N;Телеком;4;2;Состоит в браке;N;Начальное;Y;23;M
1656;2022-03-23 18:49:11.190 +0300;Y;IT;5;4;Состоит в браке;Y;Среднее;Y;39;F
1657;2022-03-23 18:49:11.190 +0300;Y;Добыча ископаемых;3;1;Состоит в браке;N;Среднее профессиональное;Y;43;M
1658;2022-03-23 18:49:11.190 +0300;Y;Машиностроение;3;1;Состоит в браке;Y;Высшее;N;62;M
1659;2022-03-23 18:49:11.190 +0300;N;IT;3;1;Состоит в браке;N;Начальное;Y;59;M
1660;2022-03-23 18:49:11.190 +0300;Y;Медицина;5;2;Холост;Y;Среднее;N;43;F
1661;2022-03-23 18:49:11.190 +0300;Y;Машиностроение;4;4;Холост;N;Начальное;Y;31;M
1662;2022-03-23 18:49:11.190 +0300;N;Машиностроение;3;4;Холост;Y;Начальное;Y;28;M
1663;2022-03-23 18:49:11.190 +0300;N;Добыча ископаемых;2;0;Состоит в браке;N;Среднее профессиональное;N;42;M
1664;2022-03-23 18:49:11.190 +0300;Y;Телеком;5;0;Состоит в браке;N;Среднее;Y;40;F
1665;2022-03-23 18:49:11.190 +0300;N;Металлургия;4;0;Холост;Y;Среднее профессиональное;N;48;M
1666;2022-03-23 18:49:11.190 +0300;Y;Банки;3;4;Холост;N;Среднее профессиональное;Y;54;F
1667;2022-03-23 18:49:11.190 +0300;N;Медицина;3;2;Холост;N;Высшее;N;61;M
1668;2022-03-23 18:49:11.190 +0300;N;IT;3;2;В разводе;Y;Среднее профессиональное;Y;35;M
1669;2022-03-23 18:49:11.190 +0300;Y;Машиностроение;2;1;Холост;Y;Высшее;Y;34;M
1670;2022-03-23 18:49:11.190 +0300;Y;Добыча ископаемых;1;3;В разводе;Y;Начальное;Y;25;M
1671;2022-03-23 18:49:11.190 +0300;N;IT;1;5;В разводе;Y;Высшее;Y;45;F
1672;2022-03-23 18:49:11.190 +0300;N;Машиностроение;1;3;Состоит в браке;N;Среднее профессиональное;Y;20;F
1673;2022-03-23 18:49:11.190 +0300;Y;IT;3;0;Холост;N;Среднее;Y;40;M
1674;2022-03-23 18:49:11.190 +0300;N;IT;2;2;Холост;N;Среднее профессиональное;N;19;M
1675;2022-03-23 18:49:11.190 +0300;Y;Машиностроение;5;1;Состоит в браке;N;Начальное;N;24;F
1676;2022-03-23 18:49:11.190 +0300;Y;Машиностроение;1;4;Холост;N;Среднее;N;54;F
1677;2022-03-23 18:49:11.190 +0300;Y;Медицина;1;5;В разводе;Y;Среднее;Y;42;F
1678;2022-03-23 18:49:11.190 +0300;N;IT;3;1;Холост;N;Среднее профессиональное;N;27;M
1679;2022-03-23 18:49:11.190 +0300;Y;Машиностроение;4;1;Холост;Y;Среднее;N;64;F
1680;2022-03-23 18:49:11.190 +0300;Y;Металлургия;4;1;Холост;Y;Высшее;N;43;F
1681;2022-03-23 18:49:11.190 +0300;Y;Банки;2;3;Холост;Y;Высшее;N;29;F
1682;2022-03-23 18:49:11.190 +0300;N;Медицина;4;1;Состоит в браке;Y;Среднее;N;45;M
1683;2022-03-23 18:49:11.190 +0300;N;Машиностроение;4;0;В разводе;N;Начальное;N;50;M
1684;2022-03-23 18:49:11.190 +0300;Y;Добыча ископаемых;2;2;Состоит в браке;N;Начальное;Y;38;F
1685;2022-03-23 18:49:11.190 +0300;N;IT;3;4;Состоит в браке;Y;Среднее;Y;26;M
1686;2022-03-23 18:49:11.190 +0300;Y;Банки;3;1;В разводе;N;Среднее профессиональное;N;44;M
1692;2022-03-23 18:49:11.190 +0300;;;;;;;;;;
2;2022-03-23 18:49:11.190 +0300;;;;;;;;;;
1690;2022-03-23 18:49:11.190 +0300;;;;;;;;;;
1699;2022-03-23 18:49:11.190 +0300;;;;;;;;;;
1698;2022-03-23 18:49:11.190 +0300;;;;;;;;;;
1691;2022-03-23 18:49:11.190 +0300;;;;;;;;;;
5;2022-03-23 18:49:11.190 +0300;;;;;;;;;;
1696;2022-03-23 18:49:11.190 +0300;;;;;;;;;;
1697;2022-03-23 18:49:11.190 +0300;;;;;;;;;;
1700;2022-03-23 18:49:11.190 +0300;;;;;;;;;;
1688;2022-03-23 18:49:11.190 +0300;;;;;;;;;;
4;2022-03-23 18:49:11.190 +0300;;;;;;;;;;
1;2022-03-23 18:49:11.190 +0300;;;;;;;;;;
3;2022-03-23 18:49:11.190 +0300;;;;;;;;;;
1693;2022-03-23 18:49:11.190 +0300;;;;;;;;;;
1694;2022-03-23 18:49:11.190 +0300;;;;;;;;;;
1689;2022-03-23 18:49:11.190 +0300;;;;;;;;;;
1687;2022-03-23 18:49:11.190 +0300;;;;;;;;;;
1695;2022-03-23 18:49:11.190 +0300;;;;;;;;;;
